,code,name,roe,net_profit_ratio,gross_profit_rate,net_profits,eps,business_income,bips
0,600657,信达地产,36.29,23.44,9.4802,120.2771,0.395,513.0633,1.6853
1,600497,驰宏锌锗,36.01,19.74,34.1951,360.8989,2.2556,1828.222,11.4263
2,000166,申万宏源,29.63,642.59,-374.5701,764.9346,0.1139,119.0391,0.0177
3,600645,中源协和,29.44,14.61,35.0585,28.5286,0.1141,195.1747,0.7806
4,002106,莱宝高科,28.05,38.54,56.131,98.4577,0.6725,255.4478,1.7448
5,002069,獐子岛,27.37,28.98,55.7734,81.1589,0.957,280.0291,3.3022
6,002097,山河智能,24.45,12.94,27.7112,39.3011,0.3954,303.6947,3.056
7,601168,西部矿业,24.27,19.73,35.9947,553.3786,1.7266,2804.1958,8.7494
8,000950,重药控股,24.13,9.54,37.5362,54.4772,0.3514,570.5329,3.6808
9,601699,潞安环能,24.07,13.35,37.7558,400.3079,0.8717,2997.3845,6.5275
10,601377,兴业证券,23.57,49.05,44.1605,154.1327,0.1697,314.1973,0.346
11,002084,海鸥住工,23.2,8.86,21.3122,57.7482,0.4373,651.3005,4.9322
12,601666,平煤股份,23.09,13.55,29.9492,517.7262,0.7346,3818.047,5.4178
13,000060,中金岭南,22.62,19.76,38.2119,408.1163,0.6747,2065.2351,3.4147
14,600958,东方证券,22.54,56.06,65.0108,550.7433,0.2573,982.2482,0.459
15,000792,盐湖股份,22.33,30.91,72.4447,363.8642,0.474,1176.9885,1.5334
16,600844,丹化科技,21.51,353.81,13.69,16.1064,0.0528,4.5522,0.0149
17,002736,国信证券,20.76,65.61,56.6011,549.2669,0.2746,837.1361,0.4185
18,600362,江西铜业,20.55,19.76,40.1776,2056.629,0.7103,10404.6505,3.5939
19,000690,宝新能源,19.72,24.54,38.0037,126.5281,0.4611,515.3967,1.8785
20,600999,招商证券,19.7,46.79,53.3281,425.0898,0.1771,908.321,0.3784
21,600961,株冶集团,19.61,5.02,11.4689,208.3991,0.4875,4149.7197,9.7079
22,601211,国泰君安,19.46,41.25,40.7795,702.0398,0.1493,1701.6142,0.362
23,600048,保利发展,19.0,15.62,38.2253,222.7912,0.5569,1425.6483,3.5641
24,600456,宝钛股份,18.96,19.87,27.2346,168.5129,0.8422,847.9429,4.238
25,000766,通化金马,18.74,14.85,56.2302,10.48,0.0233,70.5545,0.1571
26,600875,东方电气,18.66,18.61,28.4692,374.7458,0.3327,2012.9656,4.4732
27,600331,宏达股份,18.46,11.19,38.3328,220.9417,0.5311,1974.3709,4.746
28,600533,栖霞建设,17.7,13.16,32.6207,127.1491,0.6054,965.728,4.5987
29,000552,靖远煤电,17.14,20.34,37.3779,28.1743,0.1583,138.4806,0.7785
30,601688,华泰证券,16.96,72.8,62.1883,527.8024,0.2399,724.9916,0.3295
31,002090,金智科技,16.83,15.87,34.5456,23.4177,0.4591,147.5543,2.8932
32,000708,中信特钢,16.63,8.59,8.0828,196.3586,0.4369,2284.4062,5.0831
33,000911,南宁糖业,16.61,12.08,24.0647,177.4444,0.6756,1468.8496,5.5926
34,001872,招商港口,16.49,34.83,65.741,321.0741,0.4979,921.8155,1.4296
35,600123,兰花科创,16.34,26.1,53.2183,299.0116,0.8054,1145.2164,3.0847
36,600309,万华化学,16.16,15.15,33.3603,318.5762,0.2681,2101.7929,1.769
37,000878,云南铜业,16.14,4.18,7.5246,488.332,0.6114,11664.9857,14.6051
38,002114,罗平锌电,16.13,12.14,18.7603,34.5844,0.4518,284.6602,3.7191
39,600616,金枫酒业,15.93,4.53,18.838,109.8101,0.3003,2419.2194,6.6178
40,002065,东华软件,15.57,13.22,20.057,35.5335,0.4588,268.7765,4.1582
41,002117,东港股份,15.35,12.62,31.6202,26.3574,0.3214,208.7891,2.5462
42,000538,云南白药,15.34,9.61,29.8151,141.1924,0.4375,1468.7937,4.5515
43,600858,银座股份,15.28,3.38,15.2736,33.7034,0.2777,994.8037,8.198
44,600809,山西汾酒,15.23,18.65,73.7415,154.2461,0.3562,826.713,1.9096
45,600183,生益科技,15.12,13.89,20.0203,221.7146,0.3475,1595.7533,2.5011
46,600320,振华重工,15.05,9.18,14.2463,755.3009,0.4901,8221.3464,5.3353
47,000550,江铃汽车,15.03,11.48,25.8439,430.5412,0.4987,3748.0419,4.3419
48,600079,人福医药,14.83,24.28,38.8821,101.2642,0.498,417.0078,2.0508
49,002111,威海广泰,14.65,13.86,32.3811,15.4767,0.2437,111.6121,1.7576
50,002099,海翔药业,14.45,6.95,17.8191,28.9379,0.3617,416.3517,5.2043
51,002076,ST雪莱,14.41,16.18,32.9509,19.2755,0.2523,119.0904,1.5593
52,001696,宗申动力,14.3,5.84,11.2374,54.6772,0.256,935.3425,4.3808
53,002078,太阳纸业,14.28,4.93,17.3636,132.8076,0.6605,2692.1683,13.3907
54,000006,深振业A,14.19,19.78,36.5888,174.5866,0.6884,882.2033,3.4788
55,300271,华宇软件,14.08,12.08,33.5321,8.9371,0.161,73.9598,1.3326
56,002061,浙江交科,14.05,7.3,17.0804,31.1337,0.3052,426.0818,4.178
57,000951,中国重汽,13.67,1.85,8.4032,85.9172,0.3382,4641.046,18.2736
58,000039,中集集团,13.57,9.26,12.5318,1350.6734,0.6696,14572.929,7.2251
59,600475,华光环能,13.49,7.65,19.5976,89.7002,0.3503,1172.0029,4.5781
60,002103,广博股份,13.47,8.77,23.6787,29.1512,0.2053,332.1915,2.3403
61,002025,航天电器,13.32,33.91,67.4826,59.5812,0.4137,175.6973,1.2201
62,002095,生意宝,13.32,43.54,92.213,13.9965,0.311,32.1444,0.7143
63,600096,云天化,13.22,15.62,30.1095,342.1992,0.6382,2190.4847,4.0852
64,000933,神火股份,13.0,23.92,46.8369,216.1934,0.4323,903.701,1.8074
65,600817,宇通重工,12.98,1.12,5.0298,34.3213,0.2666,3062.075,23.7871
66,000612,焦作万方,12.96,7.13,14.4921,126.8772,0.2642,1777.5905,3.7019
67,000157,中联重科,12.94,10.89,25.3857,254.5077,0.5019,2335.7528,4.607
68,600675,中华企业,12.94,53.78,47.8422,271.515,0.3892,504.7975,0.7237
69,000731,四川美丰,12.9,20.46,30.5125,149.1477,0.6071,728.8132,2.9666
70,600549,厦门钨业,12.9,6.1,17.7801,120.6378,0.2513,1976.5329,4.1177
71,601003,柳钢股份,12.87,4.95,10.7533,349.8161,0.5783,7066.3592,11.6821
72,600150,中国船舶,12.86,10.31,17.6428,105.8271,0.4382,1026.4131,4.2502
73,000912,泸天化,12.65,9.95,22.8881,254.4708,0.4349,2556.5477,4.3701
74,600596,新安股份,12.63,7.78,28.211,106.7339,0.3721,1371.3535,4.7817
75,600415,小商品城,12.57,17.67,49.0089,141.0275,1.1285,798.07,6.3861
76,002101,广东鸿图,12.52,9.87,20.5352,16.0781,0.3215,162.8503,3.257
77,002091,江苏国泰,12.48,2.52,9.1705,34.2498,0.3567,1355.7189,14.122
78,002107,沃华医药,12.43,28.69,81.9264,15.7712,0.3033,54.966,1.0572
79,002088,鲁阳节能,12.42,11.15,37.9639,23.7911,0.3079,213.2945,2.7609
80,600824,益民集团,12.4,23.42,63.6035,108.1369,0.2792,461.6611,1.192
81,601006,大秦铁路,12.34,29.31,54.0247,2275.2809,0.2287,7762.1027,0.7803
82,601166,兴业银行,12.34,28.83,37.3301,1745.8022,0.4365,6053.7853,1.5138
83,600489,中金黄金,12.31,4.17,16.0389,102.1068,0.3646,2443.7917,8.7278
84,002056,横店东磁,12.24,8.46,30.5892,49.7441,0.4145,587.8053,4.8983
85,002115,三维通信,12.22,15.69,44.0699,14.143,0.2357,90.1099,1.5018
86,601872,招商轮船,12.19,43.25,48.29,519.4063,0.2325,1200.7983,0.5376
87,000014,沙河股份,12.16,16.24,34.6916,43.0812,0.4805,265.2085,2.9583
88,600519,贵州茅台,12.1,29.82,83.1252,605.2503,0.6412,2029.462,2.1503
89,002673,西部证券,12.07,40.44,55.6225,134.7276,,333.1229,
90,600508,上海能源,11.99,12.37,33.8293,265.8128,0.3677,2147.5442,2.9714
91,000898,鞍钢股份,11.94,12.42,25.4715,3109.0,0.524,25024.0,4.2177
92,002290,禾盛新材,11.94,7.48,14.6536,17.2775,,230.9317,
93,600971,恒源煤电,11.92,19.19,43.6024,109.0153,0.5786,568.0011,3.0148
94,600517,国网英大,11.89,13.13,29.36,30.0604,0.1506,228.9388,1.1471
95,600886,国投电力,11.88,11.19,30.8637,175.1773,0.3108,1565.4742,2.7781
96,000088,盐田港,11.86,97.85,52.4446,344.2721,0.2765,351.8152,0.2825
97,002083,孚日股份,11.8,5.24,23.0316,64.9473,0.1996,1239.1159,3.8085
98,600026,中远海能,11.79,27.63,36.1137,1298.6166,0.3904,4698.8651,1.4127
99,002096,南岭民爆,11.76,12.28,38.8458,13.3666,0.3054,108.7613,2.4856
100,600761,安徽合力,11.74,10.1,25.7761,125.9941,0.4104,1246.2358,4.06
101,000002,万科A,11.73,18.44,40.1069,1220.7959,0.3075,6617.6832,1.6669
102,002075,沙钢股份,11.72,2.32,7.725,28.0205,0.2594,1206.0214,11.1668
103,002100,天康生物,11.71,10.27,22.1077,18.7797,0.3912,182.6928,3.806
104,002068,黑猫股份,11.64,4.56,16.2138,19.1852,0.3552,420.399,7.7851
105,000528,柳工,11.54,7.24,19.0748,198.3055,0.4197,2737.0399,5.7932
106,002098,浔兴股份,11.51,7.86,24.4545,22.1583,0.2215,281.7781,2.8177
107,600660,福耀玻璃,11.51,16.91,35.4005,288.0336,0.2876,1703.2672,1.7007
108,600143,金发科技,11.48,5.97,12.2323,121.1966,0.3805,2028.0955,6.3676
109,000028,国药一致,11.43,1.8,11.4181,47.6367,0.1653,2640.6142,9.164
110,000895,双汇发展,11.34,3.0,13.5037,198.2912,0.3861,6599.5453,12.8507
111,600751,海航科技,11.34,3.78,21.0193,11.7542,0.0238,310.8042,0.6308
112,000869,张裕A,11.32,17.7,67.8615,200.0238,0.3793,1129.6615,2.1424
113,002119,康强电子,11.28,5.92,14.4363,17.7672,0.2464,300.0773,4.1619
114,600583,海油工程,11.26,14.38,20.3591,287.6021,0.3631,1999.7811,2.5249
115,000667,美好置业,11.09,19.98,43.1685,67.3034,0.2496,336.8073,1.2491
116,600426,华鲁恒升,11.06,12.56,22.776,111.5131,0.4451,887.6788,3.5436
117,000983,山西焦煤,11.04,16.03,38.1704,512.0436,0.4224,3193.0871,2.6345
118,002085,万丰奥威,11.02,4.75,12.3127,32.9819,0.1847,693.6211,3.8858
119,002110,三钢闽光,10.94,4.34,11.0435,180.9878,0.4163,4169.0649,9.5906
120,002104,恒宝股份,10.91,11.9,33.1331,15.5852,0.1803,130.9053,1.5151
121,600348,华阳股份,10.89,7.34,19.2822,295.4626,0.6142,4023.1219,8.364
122,600428,中远海特,10.85,13.35,22.7733,242.2599,0.3697,1813.4679,2.7678
123,000568,泸州老窖,10.83,18.46,57.2447,182.9707,0.2174,990.8253,1.1775
124,002022,科华生物,10.78,23.94,57.4614,36.2426,0.2584,151.3891,1.0794
125,600686,金龙汽车,10.78,1.49,13.4958,61.8327,0.3139,4124.3197,20.9385
126,000572,海马汽车,10.76,2.58,4.6493,38.195,0.1769,1479.6304,6.8534
127,000567,海德股份,10.71,14.61,40.5389,9.8847,0.0653,67.6142,0.4471
128,002048,宁波华翔,10.7,7.39,21.5128,40.2478,0.3258,544.2874,4.4071
129,600748,上实发展,10.66,22.51,13.6439,151.5884,0.258,673.3702,1.146
130,600446,金证股份,10.66,9.15,14.5407,31.0972,0.4525,339.5114,4.9405
131,600708,光明地产,10.62,12.27,23.1964,86.7064,0.2429,706.2714,1.9788
132,600643,爱建集团,10.6,14.54,13.6593,59.5328,0.1292,409.1703,0.8881
133,600880,博瑞传播,10.58,15.56,47.2214,46.7367,0.2564,300.3298,1.6478
134,002080,中材科技,10.56,9.6,28.8962,27.072,0.2414,281.7883,2.5137
135,002077,大港股份,10.54,7.73,17.3769,32.5396,0.2711,420.9134,3.5076
136,002057,中钢天源,10.52,10.4,25.5759,10.7031,0.2675,102.8714,2.5717
137,002062,宏润建设,10.46,2.65,8.239,31.4518,0.382,1182.9829,14.3705
138,600016,民生银行,10.43,12.14,24.1973,1733.337,0.1347,14270.85,1.4036
139,600031,三一重工,10.43,11.06,35.9497,242.3774,0.5049,2189.5593,4.5615
140,000858,五粮液,10.35,18.62,56.6766,819.0046,0.302,4397.0118,1.6216
141,600067,冠城大通,10.24,4.01,12.4498,59.2426,0.1836,1474.9624,4.5721
142,000651,格力电器,10.21,2.5,16.642,309.6175,0.5766,12335.5492,22.9737
143,600496,精工钢构,10.13,3.89,15.9769,33.7386,0.2044,867.1245,5.2553
144,000680,山推股份,10.1,9.3,18.4121,145.1735,0.2515,1559.6268,2.7025
145,600161,天坛生物,9.93,30.84,65.6063,66.5559,0.2044,215.7509,0.6628
146,002058,*ST威尔,9.89,10.11,40.1054,6.1037,0.1375,60.3546,1.3602
147,002116,中国海诚,9.85,4.71,23.7903,15.9401,0.1875,338.1994,3.9788
148,600633,浙数文化,9.84,10.32,11.9513,18.3985,0.121,178.2531,1.1723
149,002024,苏宁易购,9.8,2.29,9.4544,257.0093,0.7131,11177.6786,31.0167
150,000726,鲁泰A,9.71,13.34,27.7044,173.5327,0.4107,1300.618,3.0788
151,600418,江淮汽车,9.7,5.38,16.5954,282.0048,0.3086,5234.5352,5.7287
152,600829,人民同泰,9.65,8.15,45.1133,78.5196,0.2031,962.5247,2.4897
153,000767,晋控电力,9.58,13.39,20.3368,189.7949,0.1721,1416.7,1.2847
154,600997,开滦股份,9.56,14.27,35.9205,218.2542,0.3889,1528.4672,2.7235
155,600271,航天信息,9.55,13.52,26.8808,200.2094,0.6504,1480.5811,4.8102
156,002074,国轩高科,9.55,9.33,30.6193,11.029,0.245,118.1074,2.6246
157,002073,软控股份,9.54,19.23,43.8893,30.1378,0.5661,156.6543,2.9426
158,600410,华胜天成,9.52,7.42,19.341,64.6375,0.3526,870.3846,4.7484
159,000421,南京公用,9.47,5.23,20.8453,33.2723,0.1081,636.1269,2.0679
160,002079,苏州固锝,9.38,9.48,19.667,19.3608,0.1936,204.0587,2.0405
161,600000,浦发银行,9.37,18.57,63.8095,1599.2427,0.4084,8610.5465,2.1993
162,600276,恒瑞医药,9.37,16.02,81.377,107.5176,0.4215,670.8557,2.63
163,000531,穗恒运A,9.37,9.03,32.2656,67.8062,0.2544,750.2523,2.8149
164,000617,中油资本,9.34,11.5,23.8364,48.0555,0.2406,417.5343,2.091
165,002055,得润电子,9.32,3.38,10.041,10.9834,0.2477,324.5674,7.3219
166,002054,德美化工,9.31,8.93,27.517,24.6274,0.2462,275.5789,2.7557
167,600439,瑞贝卡,9.23,8.21,19.9512,48.6174,0.3147,591.6423,3.8308
168,002093,国脉科技,9.22,15.6,47.7699,14.2852,0.2854,91.5162,1.8284
169,600022,山东钢铁,9.18,3.1,8.0716,366.2733,0.3247,11781.8365,10.4448
170,600028,中国石化,9.04,4.29,15.0813,20679.0,0.2385,481988.0,5.5591
171,600888,新疆众和,9.04,12.28,36.62,41.4767,0.3506,337.486,2.8533
172,600177,雅戈尔,9.01,13.17,35.379,383.4773,0.2152,2911.6907,1.6345
173,600642,申能股份,8.99,24.14,23.6797,1009.2376,0.3492,4179.3197,1.4463
174,601555,东吴证券,8.94,56.36,33.1232,86.5939,0.0865,153.641,0.1536
175,600547,山东黄金,8.86,3.65,15.0453,55.3992,0.3462,1515.7548,9.4734
176,600739,辽宁成大,8.74,4.64,7.8433,112.1038,0.2249,2412.9941,4.841
177,600511,国药股份,8.74,3.33,9.6387,45.7622,0.344,1372.8397,10.3221
178,002092,中泰化学,8.72,6.89,21.8431,41.6035,0.3059,603.5593,4.4379
179,600075,新疆天业,8.71,7.33,23.403,105.5709,0.4814,1439.3936,6.5637
180,600845,宝信软件,8.67,6.13,24.3419,40.9871,0.1562,668.5734,2.5494
181,000987,越秀金控,8.66,7.78,20.1148,67.3096,0.2812,865.0949,3.615
182,000635,英力特,8.65,4.22,18.1846,20.1825,0.1468,477.4025,3.4726
183,601628,中国人寿,8.62,5.25,64.6263,5817.0,0.2173,110633.0,4.1335
184,601975,招商南油,8.59,20.41,37.3165,126.1927,0.2446,618.0121,1.1983
185,600090,*ST济堂,8.57,3.86,54.1086,13.1442,0.0357,340.2208,0.9247
186,600036,招商银行,8.54,25.6,55.6521,2799.064,0.2279,10933.247,0.8903
187,600685,中船防务,8.51,5.0,11.9378,75.2946,0.1522,1504.7065,3.0417
188,000836,富通信息,8.5,7.38,34.483,16.4941,0.1343,223.4743,1.8204
189,002063,远光软件,8.49,24.6,75.7595,11.7071,0.1422,47.5878,0.578
190,600299,安迪苏,8.47,5.95,15.0748,98.7788,0.4115,1658.3656,6.9098
191,000626,远大控股,8.47,0.69,6.5492,26.4049,0.1303,3804.129,18.7858
192,000709,河钢股份,8.42,5.5,14.8232,702.7195,0.31,12774.2573,5.6366
193,600887,伊利股份,8.41,2.54,26.5818,201.7114,0.3905,7932.7154,15.3594
194,002067,景兴纸业,8.4,5.91,21.1237,27.5214,0.1834,465.0588,3.1003
195,600227,圣济堂,8.38,20.51,37.8867,91.4328,0.5378,445.6438,2.6214
196,000630,铜陵有色,8.36,3.84,7.5625,313.8045,0.363,8157.7805,9.4379
197,600837,海通证券,8.34,27.31,13.2627,55.6899,0.1554,203.8909,0.569
198,002003,伟星股份,8.31,6.53,30.7681,21.1069,0.2822,322.8997,4.3177
199,000001,平安银行,8.29,14.86,44.4893,463.6207,0.2382,3118.1938,1.6025
200,600970,中材国际,8.28,2.43,10.4648,63.3836,0.3772,2605.6984,15.5101
201,600521,华海药业,8.27,24.88,47.4561,69.1591,0.2994,277.8844,1.2031
202,000829,天音控股,8.24,0.56,8.7415,39.7779,0.1578,7095.0743,28.155
203,002021,ST中捷,8.2,8.58,25.9762,36.1109,0.2018,420.3857,2.35
204,000005,ST星源,8.15,25.62,46.1134,68.1082,0.0961,265.7892,0.375
205,600525,长园集团,8.11,16.33,40.6086,33.1982,0.3031,203.2894,1.8566
206,002086,*ST东洋,8.1,9.02,21.5128,10.2774,0.1984,113.8827,2.1985
207,002060,粤水电,8.09,3.91,12.3641,34.0383,0.2466,868.7472,6.2952
208,000810,创维数字,8.09,4.98,14.5534,19.9373,0.1537,400.1943,3.0863
209,600585,海螺水泥,8.05,7.3,27.4185,492.7002,0.3923,6740.2422,5.3678
210,600033,福建高速,8.05,36.55,79.5886,252.2692,0.2557,690.1717,0.6996
211,000069,华侨城A,8.04,65.63,47.5367,210.8355,0.1897,321.2373,0.289
212,000758,中色股份,8.03,10.33,33.5309,86.4039,0.1487,836.3142,1.4399
213,600303,曙光股份,8.01,3.29,17.1556,55.9975,0.3456,1697.6927,10.4795
214,002108,沧州明珠,7.97,7.87,18.1007,11.3594,0.2238,144.2973,2.8432
215,600176,中国巨石,7.94,6.99,28.9489,60.0935,0.1406,859.2,2.0103
216,600125,铁龙物流,7.94,23.68,48.2194,88.3205,0.1477,372.9556,0.624
217,000970,中科三环,7.93,8.84,27.9737,70.9516,0.1397,802.5011,1.5809
218,000852,石化机械,7.91,15.05,43.3463,63.7846,0.207,423.704,1.3756
219,600500,中化国际,7.86,3.24,7.144,226.4088,0.18,6969.7587,5.5416
220,002007,华兰生物,7.83,22.93,41.1688,40.4819,0.4028,176.4937,1.7561
221,600352,浙江龙盛,7.83,7.64,17.6706,84.8013,0.1436,1109.6289,1.88
222,002082,万邦德,7.83,0.82,3.1244,12.3297,0.2317,1491.3881,28.0336
223,600009,上海机场,7.79,53.08,62.9349,746.4177,0.3873,1406.0922,0.7296
224,601788,光大证券,7.78,35.01,46.216,212.6296,0.0869,607.2737,0.2483
225,000027,深圳能源,7.75,10.24,22.8121,323.5435,0.269,3157.6824,2.6259
226,002102,ST冠福,7.73,9.54,30.7661,14.9178,0.1782,156.3126,1.8681
227,000937,冀中能源,7.73,13.3,36.9287,232.2324,0.2956,1745.1883,2.222
228,000963,华东医药,7.7,2.46,19.238,45.8927,0.1207,1860.3187,4.8955
229,601398,工商银行,7.7,29.69,59.7928,25143.0,0.0877,84669.0,0.2955
230,600188,兖州煤业,7.69,20.77,54.6654,1347.703,0.274,6486.1522,1.3187
231,600531,豫光金铅,7.64,2.7,8.3579,55.3412,0.2424,2047.2174,8.9684
232,000096,广聚能源,7.63,8.99,6.2905,100.5284,0.1303,1117.7105,2.1168
233,600505,西昌电力,7.63,4.01,50.1244,4.8551,0.0163,121.0653,0.4076
234,600518,*ST康美,7.62,13.68,32.2738,47.1268,0.2958,344.3314,2.1615
235,600595,*ST中孚,7.6,5.3,15.8254,69.7731,0.3051,1315.8863,5.7555
236,600202,哈空调,7.6,7.92,25.7352,30.4577,0.1239,384.2546,1.5637
237,600327,大东方,7.6,2.66,12.1531,46.4675,0.1425,1745.906,5.3543
238,600636,国新文化,7.6,5.06,19.6944,51.9309,0.1645,1024.3941,3.2452
239,600879,航天电子,7.6,17.31,47.0389,95.1649,0.1936,549.7431,1.1187
240,600153,建发股份,7.54,2.27,4.7043,193.0234,0.3125,8496.3619,13.757
241,601001,晋控煤业,7.54,14.78,56.9402,235.3468,0.2812,1592.2794,1.9027
242,600436,片仔癀,7.54,15.63,35.5929,41.3571,0.2954,264.4609,1.889
243,600598,北大荒,7.54,10.76,28.1895,267.3999,0.1636,2484.5441,1.5202
244,600230,沧州大化,7.49,8.35,20.8804,64.3756,0.2482,770.5945,2.9714
245,002028,思源电气,7.48,11.4,41.7862,33.8988,0.3198,297.2981,2.8046
246,601118,海南橡胶,7.46,22.63,100.0,252.973,0.0804,1117.673,0.3553
247,000668,荣丰控股,7.44,2.11,7.6838,31.7317,0.216,1502.8436,10.2344
248,001914,招商积余,7.43,4.12,23.3994,28.4989,0.2045,690.4473,4.9556
249,600308,华泰股份,7.42,10.97,24.2174,183.0744,0.381,1668.7315,3.4735
250,600312,平高电气,7.42,8.77,26.0659,73.8105,0.2021,841.0591,2.3031
251,000422,湖北宜化,7.41,7.71,19.5689,96.6029,0.1781,1252.4785,2.3092
252,600121,郑州煤电,7.4,8.57,26.3139,95.6827,0.152,1116.1373,1.774
253,600486,扬农化工,7.34,5.25,13.9991,30.9626,0.3096,589.6161,5.8961
254,600729,重庆百货,7.34,1.79,13.661,45.2889,0.222,2529.7883,12.4009
255,600588,用友网络,7.34,18.06,91.6099,86.3842,0.3845,478.2378,2.1289
256,600639,浦东金桥,7.3,30.16,53.5871,185.6044,0.2198,615.3752,0.7287
257,600694,大商股份,7.29,3.48,15.8737,180.4572,0.6143,5181.0329,17.6394
258,002008,大族激光,7.23,9.69,40.9429,32.0502,0.1331,330.6871,1.3733
259,601990,南京证券,7.22,41.95,43.4421,55.7008,0.0544,132.7575,0.1298
260,600423,柳化股份,7.19,11.66,22.5737,56.3703,0.2954,483.3427,2.5329
261,600755,厦门国贸,7.19,1.13,5.3326,75.3508,0.2112,6663.1016,18.6842
262,002033,丽江股份,7.18,40.52,82.5613,20.8003,0.2094,51.3212,0.5167
263,600012,皖通高速,7.18,39.9,64.8737,322.9809,0.1947,809.3552,0.4879
264,002031,巨轮智能,7.17,29.63,44.2491,36.5764,0.1995,123.4399,0.6734
265,300150,世纪瑞尔,7.16,19.54,52.0969,5.6902,0.0569,29.1145,0.2911
266,601328,交通银行,7.16,29.9,45.8722,6034.0,0.1317,20180.0,0.4405
267,600066,宇通客车,7.13,3.81,17.441,77.8339,0.1946,2039.2127,5.099
268,600563,法拉电子,7.11,22.14,38.565,52.0636,0.2313,235.0771,1.0447
269,600058,五矿发展,7.07,0.58,2.9449,208.1471,0.2516,35885.4188,43.3937
270,600650,锦江在线,7.04,10.16,19.0244,131.5452,0.2384,1294.3657,2.3465
271,600420,国药现代,7.03,9.71,33.4233,30.6477,0.1171,315.5771,1.2064
272,600592,龙溪股份,7.02,15.21,38.1359,41.5612,0.277,273.0742,1.8204
273,600132,重庆啤酒,7.0,6.14,46.7702,51.4879,0.2008,838.0362,3.2696
274,600491,龙元建设,7.0,2.9,10.6374,79.4967,0.2044,2735.3089,7.0352
275,601991,大唐发电,6.97,11.62,31.3016,1258.565,0.2437,10828.881,2.0974
276,000519,中兵红箭,6.96,26.58,11.9848,25.8573,0.1893,97.2795,0.7124
277,600749,西藏旅游,6.94,8.29,22.9506,7.8294,0.0978,94.3888,1.1798
278,600015,华夏银行,6.93,9.05,19.7093,745.3569,0.1774,8228.8684,1.9592
279,600993,马应龙,6.87,15.52,49.1893,39.5615,0.7731,254.8198,4.9798
280,600738,丽尚国潮,6.86,9.12,23.1171,20.4638,0.0778,224.3804,0.8538
281,600582,天地科技,6.84,5.47,23.015,46.2018,0.2278,843.527,4.1594
282,002094,青岛金王,6.82,6.37,24.4392,10.6664,0.1455,167.2156,2.281
283,000089,深圳机场,6.8,36.66,49.6454,208.2357,0.1446,567.9963,0.3945
284,000623,吉林敖东,6.79,24.66,65.3228,100.8414,0.3517,408.8863,1.4262
285,000830,鲁西化工,6.76,4.99,14.9346,95.5418,0.1177,1914.1411,2.3595
286,000903,云内动力,6.76,6.72,17.9207,63.5369,0.318,945.3592,4.7315
287,600256,广汇能源,6.76,11.77,22.6645,130.1165,0.1502,1105.2041,1.2761
288,600589,ST榕泰,6.73,12.25,19.7275,45.7308,0.2381,373.0849,1.9431
289,600089,特变电工,6.71,4.76,19.3485,114.6636,0.2685,2406.5202,5.6356
290,600495,晋西车轴,6.71,8.21,19.3739,27.6232,0.2684,336.1,3.2659
291,600020,中原高速,6.7,38.06,73.0113,293.6318,0.2796,771.3055,0.7345
292,600577,精达股份,6.69,1.26,7.8188,24.7716,0.2293,1965.5043,18.1991
293,000848,承德露露,6.68,4.73,33.044,28.5948,0.1504,603.3498,3.174
294,600315,上海家化,6.68,4.72,45.5337,51.8141,0.3092,1096.3061,6.543
295,600085,同仁堂,6.64,11.77,40.7649,159.5997,0.3677,1355.8178,3.1238
296,600737,中粮糖业,6.62,5.75,29.3512,49.2701,0.0611,856.6644,1.0633
297,002118,紫鑫药业,6.61,17.93,72.1195,7.693,0.1519,42.8843,0.8471
298,002066,瑞泰科技,6.59,9.43,23.705,7.5781,0.1684,80.3368,1.7852
299,000155,川能动力,6.57,12.15,31.2467,108.0786,0.2299,889.0395,1.8915
300,002050,三花智控,6.55,7.3,20.2007,25.5528,0.2261,349.9989,3.0973
301,002049,紫光国微,6.55,12.97,28.6889,13.3671,0.177,102.9903,1.3641
302,600017,日照港,6.54,19.19,35.2745,70.312,0.1757,366.3042,0.9157
303,000031,大悦城,6.46,45.81,53.5506,80.3849,0.1149,175.4736,0.2508
304,600056,中国医药,6.46,3.51,9.6652,38.5883,0.1613,1097.6868,4.589
305,002053,云南能投,6.45,16.92,47.4115,63.0363,0.3391,372.4306,2.0039
306,002014,永新股份,6.45,6.21,18.0483,22.0005,0.2355,353.9663,3.7897
307,002029,七匹狼,6.44,10.98,37.0162,21.403,0.1936,194.8585,1.7634
308,000540,中天金融,6.43,8.39,44.9255,10.3186,0.0315,122.9271,0.3761
309,600261,阳光照明,6.42,7.1,17.4468,48.378,0.3273,680.607,4.6051
310,600782,新钢股份,6.42,4.35,13.8068,20.0246,0.1036,459.3415,2.3772
311,600834,申通地铁,6.4,13.64,24.1327,52.8545,0.1107,387.3611,0.8114
312,600409,三友化工,6.39,6.75,23.8923,77.3492,0.1416,1144.7311,2.0965
313,600641,万业企业,6.34,16.86,29.7867,132.2526,0.2952,784.3366,1.7512
314,600216,浙江医药,6.32,4.26,18.5433,48.0647,0.1067,1125.7646,2.5013
315,000042,中洲控股,6.29,24.66,54.9007,102.282,0.4271,414.7591,1.732
316,600231,凌钢股份,6.28,5.16,11.3581,153.9264,0.2938,2980.4234,5.6889
317,600557,康缘药业,6.27,6.46,56.415,28.1278,0.1802,435.3292,2.7894
318,600054,黄山旅游,6.26,13.34,38.7343,46.2178,0.1525,346.3471,1.1434
319,002027,分众传媒,6.22,2.3,5.7771,39.8581,0.1318,1732.5997,5.7307
320,600360,华微电子,6.22,13.88,30.7532,49.5074,0.2097,356.445,1.5103
321,600460,士兰微,6.21,9.3,21.2971,38.2069,0.0945,410.4203,1.0156
322,600350,山东高速,6.2,39.82,67.6107,448.453,0.1333,1126.0549,0.3347
323,000012,南玻A,6.2,11.93,31.923,152.1572,-0.0301,1275.4093,1.2559
324,000927,中国铁物,6.2,4.62,16.2557,195.8313,0.1227,4232.9768,2.6536
325,600325,华发股份,6.2,19.09,35.6454,70.9283,0.2728,371.3975,1.4284
326,000778,新兴铸管,6.16,4.7,16.0247,252.0611,0.3399,5362.6694,7.2323
327,600310,桂东电力,6.12,12.23,34.1633,38.3817,0.2448,313.6156,2.0007
328,600717,天津港,6.1,23.38,46.8794,246.6702,0.1702,1055.0478,0.7282
329,600561,江西长运,6.09,9.71,29.7676,25.5177,0.1373,262.5826,1.4138
330,600131,国网信通,6.08,13.59,20.7993,46.469,0.0921,341.6901,0.6777
331,600298,安琪酵母,6.08,10.26,34.8559,40.6754,0.2997,396.214,2.9197
332,600622,光大嘉宝,6.07,14.78,18.6112,36.4951,0.1093,246.8291,0.7396
333,000625,长安汽车,6.07,3.46,19.7288,435.2979,0.2685,12575.0387,7.7583
334,600366,宁波韵升,6.07,2.92,10.777,42.0832,0.1131,1437.7076,3.8672
335,000683,远兴能源,6.03,3.61,27.7675,19.5271,0.0416,539.5736,1.1504
336,002105,信隆健康,6.03,2.84,15.7972,15.3509,0.0767,539.6865,2.6984
337,600580,卧龙电驱,6.02,6.53,18.3001,33.3219,0.159,509.5518,2.4324
338,600302,标准股份,6.0,9.82,25.7198,65.4501,0.1891,665.8564,1.9243
339,600900,长江电力,5.99,44.19,71.4141,1317.9828,0.1609,2981.9748,0.3642
340,600195,中牧股份,5.99,7.74,36.0336,55.0243,0.141,710.6852,1.8222
341,000402,金融街,5.99,12.88,32.2738,135.2633,0.1402,1050.0621,1.089
342,600896,*ST海医,5.99,22.14,25.1648,59.2426,0.1324,267.4861,0.5981
343,600019,宝钢股份,5.98,6.16,14.9519,4388.5651,0.2506,71129.3242,4.0617
344,600644,乐山电力,5.97,13.09,35.2561,30.2574,0.1213,231.1438,0.927
345,600535,天士力,5.96,6.83,34.0164,77.5332,0.272,1134.7104,3.9814
346,002032,苏泊尔,5.96,4.47,27.8287,42.5467,0.2417,950.6239,5.4006
347,000876,新希望,5.95,6.81,14.3779,111.755,0.3544,1640.7948,5.204
348,600527,江南高纤,5.94,7.31,14.6601,17.2122,0.1195,235.3405,1.6343
349,600883,博闻科技,5.94,18.19,21.442,16.8711,0.0851,92.7383,0.4679
350,600030,中信证券,5.93,34.47,35.6436,627.5749,0.2104,1820.4446,0.6105
351,000919,金陵药业,5.92,13.34,33.0641,90.1989,0.2684,676.1227,2.0122
352,600467,好当家,5.89,19.59,29.1043,51.5614,0.2604,263.1504,1.329
353,600800,渤海化学,5.87,30.43,34.3438,32.4555,0.0588,106.6435,0.1933
354,000825,太钢不锈,5.84,4.61,10.4442,676.2477,0.2541,14657.8074,5.5096
355,600510,黑牡丹,5.83,11.2,21.8585,57.853,0.1319,516.5286,1.1782
356,000566,海南海药,5.8,13.42,51.6118,12.9478,0.0639,96.4731,0.4767
357,002010,传化智联,5.8,5.56,24.3798,25.6236,0.2135,460.1835,3.8348
358,000021,深科技,5.79,3.78,4.7173,169.7537,0.193,4489.7678,5.1048
359,600438,通威股份,5.72,2.45,10.0838,42.0901,0.1224,1714.0995,4.9863
360,000509,*ST华塑,5.71,3.94,19.2305,7.5224,0.03,190.6562,0.7625
361,600983,惠而浦,5.67,12.24,43.6029,29.4965,0.0885,240.9096,0.7234
362,600822,上海物贸,5.66,0.23,1.5232,29.5505,0.1169,12367.5534,48.9377
363,600808,马钢股份,5.66,6.63,12.1474,1071.772,0.166,16142.2295,2.5006
364,600673,东阳光,5.65,4.77,10.7253,13.2651,0.1046,277.5856,2.1903
365,000423,东阿阿胶,5.64,14.01,51.2797,60.9007,0.149,434.5675,1.0632
366,000049,德赛电池,5.63,2.3,14.7592,9.2811,0.0678,403.2667,2.9472
367,600232,金鹰股份,5.63,7.35,18.6016,48.5661,0.2219,660.3309,3.0172
368,600398,海澜之家,5.62,11.02,30.6338,63.1528,0.2668,573.0224,2.4213
369,000900,现代投资,5.62,25.64,76.4598,139.8011,0.3502,545.0967,1.3655
370,600628,新世界,5.61,8.31,26.033,78.7026,0.1701,946.4342,2.0466
371,600269,赣粤高速,5.6,39.13,61.9664,270.8748,0.3479,692.1371,0.8891
372,600118,中国卫星,5.59,7.72,20.0301,19.8805,0.0874,257.1899,1.1309
373,000761,本钢板材,5.59,3.17,5.7664,301.3187,0.2652,9497.457,8.3604
374,600664,哈药股份,5.57,4.75,33.6309,228.2067,0.1837,4803.6875,3.8676
375,600323,瀚蓝环境,5.55,27.17,52.2474,43.6678,0.2094,160.6895,0.7706
376,600612,老凤祥,5.54,1.2,9.6849,29.8042,0.1183,2469.9129,9.8098
377,000822,山东海化,5.54,4.19,14.4512,149.0494,0.2025,3552.7565,4.8283
378,000629,攀钢钒钛,5.53,6.91,14.1578,462.3265,0.1814,6689.5382,2.625
379,600292,远达环保,5.53,4.16,14.8625,48.1113,0.1438,1155.2005,3.4535
380,002051,中工国际,5.52,14.08,21.0527,45.3191,0.2385,321.6701,1.693
381,000751,锌业股份,5.51,5.94,9.3327,161.8466,0.1457,2721.4474,2.4514
382,600260,ST凯乐,5.48,12.13,26.71,59.9869,0.2273,494.3292,1.8737
383,600966,博汇纸业,5.48,5.88,19.4556,73.5716,0.262,1249.5103,4.4498
384,600529,山东药玻,5.47,12.05,33.4625,47.8978,0.2152,397.4786,1.7864
385,000826,启迪环境,5.47,22.47,34.0904,17.2515,0.095,76.7669,0.4229
386,000807,云铝股份,5.43,3.0,10.7506,88.2326,0.1615,2935.3224,5.376
387,000048,京基智农,5.43,1.13,14.7898,3.6055,0.0092,317.9203,0.8135
388,000905,厦门港务,5.42,15.83,31.3691,67.0281,0.2272,423.2789,1.4348
389,000410,ST沈机,5.4,2.43,19.2701,61.3236,0.1798,2518.8813,7.3884
390,600416,湘电股份,5.39,3.61,23.6591,38.1489,0.1956,1055.4186,5.4124
391,000717,韶钢松山,5.37,4.54,8.4629,278.9293,0.2079,6139.7995,4.5781
392,600611,大众交通,5.37,7.82,20.4997,140.616,0.2348,1798.1328,3.0033
393,600674,川投能源,5.35,28.3,28.5687,45.9137,0.1188,162.2364,0.42
394,600479,千金药业,5.33,10.91,44.4163,32.0371,0.2542,293.5603,2.3298
395,000739,普洛药业,5.32,3.65,19.7809,20.5433,0.1409,561.4405,3.852
396,601988,中国银行,5.31,29.44,51.9272,19024.0,0.0749,64602.0,0.2544
397,000715,中兴商业,5.31,3.61,18.0492,39.4414,0.1837,1091.5725,5.086
398,000525,ST红太阳,5.29,2.67,10.5861,32.7139,0.1167,1225.036,4.3713
399,000050,深天马A,5.29,6.71,19.0601,43.0073,0.1295,640.6826,1.9302
400,600151,航天机电,5.28,4.93,16.5425,64.4677,0.1377,1307.3741,2.7944
401,000488,晨鸣纸业,5.28,5.04,18.2781,301.0307,0.2204,5963.436,4.3666
402,600284,浦东建设,5.26,16.13,12.8189,37.0204,0.1638,229.3954,1.015
403,600814,杭州解百,5.25,4.18,16.9714,22.7554,0.0733,543.2752,1.7503
404,600780,通宝能源,5.25,7.09,21.2848,74.807,0.0856,1054.397,1.2078
405,600682,南京新百,5.24,3.44,12.324,50.5578,0.2196,1469.0618,6.3814
406,600382,*ST广珠,5.24,12.68,21.0501,32.626,0.1909,257.2654,1.5055
407,000695,滨海能源,5.23,9.6,19.3373,17.9169,0.0806,186.4575,0.8393
408,600693,东百集团,5.23,5.03,16.118,19.9195,0.1508,396.0088,2.9998
409,002038,双鹭药业,5.22,30.32,60.1542,20.5961,0.2487,67.9278,0.8203
410,600011,华能国际,5.21,10.0,21.3027,1986.2505,0.1647,19862.1161,1.6475
411,000713,丰乐种业,5.2,5.25,32.4593,23.447,0.1042,446.1862,1.983
412,000959,首钢股份,5.18,2.63,7.1516,291.3259,0.126,11048.2053,4.7814
413,600190,锦州港,5.18,26.28,65.1817,67.0705,0.0708,255.138,0.2695
414,002046,国机精工,5.18,16.6,35.2459,14.5621,0.1866,87.7051,1.1244
415,000541,佛山照明,5.17,19.28,25.0724,116.1334,0.3239,602.3347,1.6803
416,600480,凌云股份,5.17,4.29,22.1588,25.4442,0.0815,592.5699,1.8992
417,000516,国际医学,5.16,2.34,11.7123,22.2678,0.1503,949.4893,6.4087
418,002001,新和成,5.13,5.2,18.1762,39.5903,0.1157,760.7537,2.224
419,002072,*ST凯瑞,5.12,2.67,14.408,12.1829,0.1353,454.5892,5.0509
420,600662,强生控股,5.11,10.68,30.4967,63.4184,0.1013,593.4983,0.9483
421,000926,福星股份,5.1,7.88,23.4475,57.619,0.2807,730.9519,3.5609
422,000600,建投能源,5.1,2.07,19.2675,20.7376,0.0899,1000.6787,4.3394
423,600754,锦江酒店,5.09,20.96,71.7522,97.7309,0.162,466.2074,0.7728
424,600330,天通股份,5.08,11.07,22.2929,50.8202,0.1157,459.0017,1.0452
425,600962,国投中鲁,5.08,5.73,22.079,24.3111,0.1473,424.1279,2.5704
426,600307,酒钢宏兴,5.06,3.64,11.8032,201.7408,0.2309,5539.7821,6.3413
427,600750,江中药业,5.06,6.2,65.4903,35.8036,0.245,577.0845,3.9496
428,002040,南京港,5.05,27.38,60.697,25.0878,0.102,91.6007,0.3725
429,600160,巨化股份,5.05,4.57,17.2409,79.9584,0.1436,1749.1445,3.1414
430,000526,学大教育,5.05,635.14,,8.8208,0.0916,1.3888,0.0144
431,600795,国电电力,5.04,7.21,23.2326,394.5458,0.1718,5464.6391,2.3801
432,000619,海螺型材,5.02,3.85,12.0206,72.6244,0.2017,1883.2989,5.2313
433,600370,三房巷,5.02,5.66,10.5954,35.4231,0.2238,624.9341,3.9487
434,000718,苏宁环球,5.01,6.67,21.0842,20.9854,0.0524,314.3279,0.7863
435,600586,金晶科技,4.99,10.15,20.3115,31.7326,0.168,312.4984,1.6546
436,600062,华润双鹤,4.97,4.27,25.6417,90.3444,0.2048,2113.5403,4.7917
437,600051,宁波联合,4.95,2.57,17.8374,44.7735,0.148,1735.6007,5.7394
438,600383,金地集团,4.94,11.58,34.0157,137.6272,0.2066,1188.0859,1.7839
439,600785,新华百货,4.91,2.66,17.4284,29.4249,0.2859,1104.5248,10.7347
440,000637,茂化实华,4.91,1.64,4.5447,30.1102,0.0666,1829.5945,4.0471
441,600375,汉马科技,4.9,2.45,10.2558,21.983,0.1172,894.9559,4.7735
442,600392,盛和资源,4.9,10.19,27.3473,20.0398,0.1855,196.6289,1.8206
443,600870,*ST厦华,4.9,1.3,9.7435,44.5657,0.1201,3417.0157,9.2147
444,600006,东风汽车,4.88,4.59,16.1066,224.8242,0.1124,4889.9662,2.4449
445,600082,海泰发展,4.87,9.97,23.5686,24.9051,0.0928,249.7981,0.9315
446,600255,鑫科材料,4.85,1.59,5.203,26.4666,0.2143,1655.6947,13.4064
447,600389,江山股份,4.84,2.45,10.9155,27.5659,0.1392,1124.516,5.6793
448,000513,丽珠集团,4.84,8.3,46.0736,61.2596,0.2001,737.6051,2.4101
449,600831,广电网络,4.83,7.6,21.8534,9.8928,0.0703,130.1201,0.9256
450,600512,腾达建设,4.82,4.69,16.5723,25.2582,0.1581,537.7492,3.3665
451,600361,华联综超,4.82,2.29,9.8122,69.0605,0.1851,3008.3513,8.0668
452,600897,厦门空港,4.82,34.7,57.4643,54.315,0.2011,156.4992,0.5796
453,600035,楚天高速,4.82,38.15,66.4844,105.003,0.1127,275.2159,0.2954
454,000533,顺钠股份,4.82,3.16,30.8742,22.4581,0.039,710.2521,1.2337
455,600391,航发科技,4.8,9.19,24.2372,22.965,0.164,249.7008,1.7835
456,600973,宝胜股份,4.79,3.36,19.6669,29.2113,0.1872,869.0648,5.5709
457,600104,上汽集团,4.73,12.11,15.4045,540.8653,0.165,4465.8992,1.3632
458,000090,天健集团,4.72,6.79,11.8383,59.62,0.2543,876.9331,3.7407
459,002045,国光电器,4.71,7.97,23.1103,28.0162,0.1751,351.2237,2.1951
460,600007,中国国贸,4.71,29.9,65.3664,118.4968,0.1481,396.2051,0.4952
461,600305,恒顺醋业,4.71,6.37,27.8596,20.4406,0.1607,320.8576,2.5234
462,600105,永鼎股份,4.7,7.43,11.7578,48.3643,0.1777,650.4729,2.3904
463,600798,宁波海运,4.69,10.52,22.5999,43.2635,0.0845,411.1752,0.8032
464,600470,六国化工,4.68,5.36,13.8902,30.2096,0.1606,563.4517,2.997
465,600584,长电科技,4.65,4.19,19.4486,35.1869,0.1202,838.6276,2.8662
466,002036,联创电子,4.64,12.62,25.9075,14.1486,0.1259,112.0334,0.997
467,000716,黑芝麻,4.61,12.01,44.3757,9.4379,0.0529,78.5722,0.4407
468,600683,京投发展,4.61,6.55,16.8876,20.0442,0.1005,305.9149,1.5353
469,600170,上海建工,4.6,1.56,6.8752,149.6654,0.208,9561.4617,13.2927
470,000978,桂林旅游,4.6,14.71,42.0898,18.5202,0.1046,125.8895,0.7112
471,600859,王府井,4.58,2.53,18.6196,76.3986,0.1944,3016.6883,7.6765
472,600601,ST方科,4.58,2.4,8.9145,84.0712,0.0866,3489.5273,3.5957
473,002059,云南旅游,4.56,35.33,55.1415,16.1618,0.101,45.7411,0.2858
474,000559,万向钱潮,4.53,4.43,19.1026,75.0978,0.0732,1693.6926,1.6514
475,000608,阳光股份,4.52,12.22,43.7065,36.73,0.1257,300.335,1.0284
476,600197,伊力特,4.52,16.08,45.5796,36.0965,0.0818,224.4745,0.509
477,002034,旺能环境,4.52,3.55,11.493,19.6334,0.242,552.8802,6.8155
478,600771,广誉远,4.49,7.28,68.4136,20.7382,0.1109,284.5992,1.5228
479,000755,山西路桥,4.47,6.64,19.0226,56.0336,0.1801,843.0316,2.7102
480,600117,西宁特钢,4.47,7.17,19.5093,84.9414,0.1347,1184.522,1.8797
481,000429,粤高速A,4.47,32.75,64.383,167.6613,0.1333,511.7959,0.4071
482,600332,白云山,4.47,2.31,17.6891,120.0486,0.148,5193.9923,6.4052
483,600827,百联股份,4.46,0.69,19.4067,72.9677,0.17,10495.364,24.4535
484,000609,*ST中迪,4.44,11.7,16.8347,22.4202,0.1729,191.5095,1.4776
485,600196,复星医药,4.44,8.45,27.9253,124.437,0.133,1472.346,1.5736
486,600406,国电南瑞,4.44,9.67,31.1207,32.9271,0.1549,340.156,1.6003
487,600979,广安爱众,4.43,12.82,47.7152,18.9997,0.115,148.1118,0.8967
488,000501,鄂武商A,4.43,1.79,15.7992,41.1996,0.0812,2295.552,4.5254
489,601002,晋亿实业,4.42,5.12,11.3472,30.799,0.0582,600.4885,1.1362
490,600655,豫园股份,4.4,3.39,16.1015,83.1983,0.1787,2449.2841,5.2635
491,002500,山西证券,4.4,80.73,-4.0361,71.1614,0.0545,88.1429,0.0676
492,600106,重庆路桥,4.39,55.04,68.6893,50.202,0.1619,91.2043,0.2942
493,002087,新野纺织,4.37,3.74,16.8087,22.9069,0.1483,611.7731,3.9627
494,000811,冰轮环境,4.37,4.31,23.3329,19.3209,0.1101,447.496,2.5516
495,000539,粤电力A,4.37,9.04,24.3633,361.6875,0.136,4000.2105,1.5041
496,000893,亚钾国际,4.37,3.49,15.9036,17.6389,0.0794,504.1144,2.2707
497,000558,莱茵体育,4.36,8.39,25.9809,6.7914,0.0579,80.8526,0.69
498,002030,达安基因,4.36,14.65,59.5179,11.3214,0.0902,77.2562,0.616
499,600621,华鑫股份,4.33,7.69,14.8863,40.0618,0.0764,520.8225,0.9937
500,002113,ST天润,4.33,5.69,12.6839,10.0775,0.1937,176.954,3.4029
501,600169,太原重工,4.32,2.34,12.5774,38.3167,0.1029,1631.1641,4.3828
502,002015,协鑫能科,4.32,4.16,14.7176,11.2053,0.2226,269.2839,5.3514
503,002181,粤传媒,4.32,21.57,39.5775,31.4651,0.1578,145.8244,0.7314
504,600550,保变电气,4.31,3.97,17.6926,72.1288,0.1524,1816.7454,4.9773
505,600597,光明乳业,4.31,2.6,31.6074,90.5226,0.0868,3475.7024,3.3359
506,600666,ST瑞德,4.29,6.05,31.4041,13.0739,0.0878,215.8471,1.4506
507,600300,ST维维,4.29,3.83,17.8233,61.837,0.0936,1613.6169,2.4448
508,002009,天奇股份,4.28,13.15,39.8909,13.0423,0.1416,99.1713,1.0769
509,600201,生物股份,4.26,15.5,51.9,25.6324,0.1173,165.3386,0.7569
510,600575,淮河能源,4.25,25.75,58.2191,20.3945,0.1719,79.1852,0.6676
511,002043,兔宝宝,4.24,4.02,12.379,15.376,0.126,381.9067,3.1303
512,002023,海特高新,4.19,31.84,51.1359,19.1123,0.1625,60.0118,0.5103
513,600697,欧亚集团,4.19,2.86,12.7628,25.2515,0.1775,881.9149,6.2014
514,002013,中航机电,4.17,7.77,25.7051,8.415,0.1402,108.2421,1.804
515,600695,*ST绿庭,4.16,2.75,2.8839,7.0353,0.0104,255.0952,0.3771
516,600818,中路股份,4.16,2.16,12.5997,11.0886,0.0417,511.2255,1.9243
517,600280,中央商场,4.15,1.69,17.445,26.2086,0.1825,1547.3418,10.7797
518,600371,万向德农,4.14,3.61,29.1299,12.3522,0.0796,341.2973,2.2019
519,600874,创业环保,4.13,26.52,64.1407,96.225,0.0723,362.818,0.2726
520,000800,一汽解放,4.13,4.31,22.8522,219.1094,0.1346,5075.4405,3.1185
521,600010,包钢股份,4.11,3.73,8.6074,307.6067,0.0907,8245.0377,2.4325
522,601333,广深铁路,4.11,24.94,40.5317,434.3544,0.1001,1740.9679,0.4015
523,600796,钱江生化,4.1,9.35,25.6157,18.074,0.0659,193.2084,0.7051
524,002089,ST新海,4.1,10.58,34.2629,6.0391,0.1137,57.0396,1.0741
525,000698,沈阳化工,4.1,2.92,13.4278,56.2568,0.1331,1922.5849,4.5515
526,600356,恒丰纸业,4.09,8.25,30.1796,29.7974,0.2128,360.8563,2.5775
527,002052,ST同洲,4.09,4.99,19.627,22.4037,0.2578,448.7944,5.1647
528,600600,青岛啤酒,4.09,3.5,41.3462,201.9965,0.1544,5767.651,4.4087
529,600803,新奥股份,4.08,4.31,23.1156,13.7178,0.058,317.658,1.3434
530,600367,红星发展,4.07,8.78,35.8743,40.029,0.1374,455.6291,1.5646
531,000828,东莞控股,4.07,45.18,61.1178,100.1549,0.0963,221.6541,0.2132
532,600725,云维股份,4.07,4.98,15.2097,18.4787,0.1119,371.0079,2.2485
533,000823,超声电子,4.06,4.25,17.1947,37.3164,0.1038,877.9621,2.4442
534,600388,龙净环保,4.06,3.87,15.9459,30.3003,0.1814,781.0731,4.677
535,600736,苏州高新,4.06,5.44,18.2616,67.1193,0.1467,1232.6556,2.6945
536,000639,西王食品,4.04,6.66,30.4206,4.8225,0.0661,72.3862,0.9934
537,600975,新五丰,4.03,7.82,15.2364,18.5866,0.1855,237.6749,2.373
538,600548,深高速,4.03,47.57,78.2113,253.4595,0.1162,532.7293,0.2442
539,000411,英特集团,4.03,0.27,4.5824,3.4695,0.0301,1271.509,11.0326
540,600797,浙大网新,4.03,2.54,10.9446,50.3951,0.0619,1977.8864,2.4326
541,600835,上海机电,4.02,4.02,19.1852,137.6124,0.1614,3422.5037,4.0156
542,600493,凤竹纺织,4.01,8.75,19.006,21.3552,0.1256,243.8205,1.4342
543,600982,宁波能源,4.01,4.31,21.0159,13.9714,0.0831,323.9351,1.9281
544,600027,华电国际,4.01,7.13,23.1088,507.747,0.0843,7116.054,1.1818
545,600037,歌华有线,3.98,30.8,42.7903,133.6238,0.2019,433.7626,0.6555
546,000428,华天酒店,3.95,7.98,58.9371,19.3258,0.1118,241.9371,1.3997
547,600623,华谊集团,3.93,2.15,12.4337,58.8633,0.0661,2725.4855,3.0641
548,000910,大亚圣象,3.93,2.88,20.2253,42.2787,0.1828,1466.9287,6.3434
549,600008,首创环保,3.92,35.2,41.8155,171.3012,0.0778,486.6055,0.2211
550,600969,郴电国际,3.92,6.01,25.5979,26.528,0.1261,441.1203,2.0978
551,600784,鲁银投资,3.92,0.83,6.1806,12.1927,0.0491,1466.1369,5.9045
552,600098,广州发展,3.9,10.43,20.0208,300.3863,0.1458,2877.4822,1.3973
553,002047,宝鹰股份,3.88,3.44,15.4579,26.8984,0.12,781.8441,3.4881
554,600865,百大集团,3.88,4.13,15.7025,27.2063,0.1008,658.6731,2.4421
555,002037,保利联合,3.88,6.17,34.0884,15.6995,0.1427,254.2576,2.3114
556,600172,黄河旋风,3.86,11.56,31.6043,36.7024,0.1369,317.4411,1.1844
557,600815,厦工股份,3.86,1.89,12.102,37.2493,0.0828,1965.429,4.3733
558,000671,阳光城,3.85,5.29,17.4954,9.0432,0.095,170.8565,1.7952
559,600536,中国软件,3.85,3.33,33.7989,18.5717,0.1151,556.7525,3.4514
560,000551,创元科技,3.84,3.3,24.574,24.1385,0.0998,731.0962,3.0244
561,600794,保税科技,3.83,18.05,67.9051,6.8325,0.0573,37.8494,0.3174
562,600487,亨通光电,3.82,6.45,21.9277,25.5962,0.2029,396.3429,3.1425
563,002004,华邦健康,3.82,14.09,76.5484,15.6542,0.1185,111.0386,0.8412
564,600377,宁沪高速,3.79,30.24,60.9875,548.9656,0.1089,1814.8793,0.3602
565,600649,城投控股,3.78,48.93,46.5274,238.5995,0.1266,487.5402,0.2587
566,600282,南钢股份,3.77,1.92,6.1976,131.9497,0.1409,6857.4933,7.3263
567,600077,宋都股份,3.76,4.72,5.8382,11.9021,0.0938,251.7337,1.9849
568,600396,金山股份,3.76,9.84,29.3881,21.2714,0.0962,216.076,0.9777
569,600774,汉商集团,3.76,7.09,23.8966,16.1113,0.1476,226.934,2.0798
570,600129,太极集团,3.75,2.2,24.0047,45.2268,0.179,2051.6765,8.1222
571,600995,文山电力,3.75,9.07,30.8757,19.9174,0.1137,219.5037,1.2533
572,600801,华新水泥,3.75,3.11,23.0262,46.6034,0.1419,1497.6623,4.5604
573,601588,北辰实业,3.74,10.78,33.4532,162.4577,0.087,1506.5965,0.8069
574,000839,中信国安,3.74,13.33,46.4425,117.7783,0.1784,883.1904,1.3381
575,000570,苏常柴A,3.74,3.5,13.1171,34.3295,0.0917,978.8709,2.6155
576,600502,安徽建工,3.72,2.84,16.4553,19.4173,0.1244,682.5397,4.3752
577,600981,汇鸿集团,3.72,1.53,5.435,24.3857,0.1346,1584.032,8.7472
578,600663,陆家嘴,3.69,48.5,79.8878,243.5101,0.1303,502.0577,0.2688
579,600425,青松建化,3.69,8.76,28.8929,19.0744,0.1031,217.5467,1.1763
580,000819,岳阳兴长,3.68,1.7,6.4382,13.1435,0.0795,770.3721,4.6651
581,600233,圆通速递,3.67,7.12,23.0427,17.4583,0.1058,244.931,1.4844
582,600226,ST瀚叶,3.66,4.34,15.591,33.8509,0.1252,778.2283,2.8784
583,000837,秦川机床,3.65,8.18,25.5688,24.0934,0.1036,294.2329,1.2656
584,600380,健康元,3.65,7.07,53.5619,75.9585,0.1245,1073.658,1.7602
585,000913,钱江摩托,3.64,2.47,22.1519,42.608,0.0939,1718.3241,3.7887
586,000063,中兴通讯,3.64,3.56,34.9231,373.468,0.3892,10490.529,10.933
587,600572,康恩贝,3.63,5.45,49.1914,19.1196,0.1393,350.5974,2.5553
588,000759,中百集团,3.63,1.19,12.5857,31.0103,0.0924,2597.6894,7.7481
589,002041,登海种业,3.63,16.19,43.11,24.423,0.1387,150.7806,0.8567
590,000997,新大陆,3.62,11.25,26.9131,26.4955,0.0702,235.4868,0.6246
591,000723,美锦能源,3.61,3.26,19.2087,10.3294,0.0739,316.0188,2.2637
592,000882,华联股份,3.61,3.13,16.9745,17.7318,0.0711,566.4816,2.2732
593,600569,安阳钢铁,3.6,2.83,9.7775,217.7668,0.1078,7692.6843,3.8115
594,000046,泛海控股,3.58,54.62,29.0628,43.0885,0.1225,78.8776,0.2244
595,600110,诺德股份,3.58,9.86,34.5665,27.4285,0.082,278.049,0.8321
596,000999,华润三九,3.57,6.31,45.3394,82.636,0.0844,1308.408,1.3366
597,600236,桂冠电力,3.56,7.29,24.7849,109.1471,0.0799,1495.6352,1.0956
598,000659,珠海中富,3.56,6.81,25.675,69.07,0.1003,1013.2537,1.4721
599,600626,申达股份,3.56,2.37,8.5636,53.773,0.1135,2262.5832,4.7784
600,000786,北新建材,3.54,4.02,15.4188,52.5072,0.0912,1304.5876,2.2682
601,600463,空港股份,3.52,13.47,36.0545,16.1662,0.1154,119.9759,0.8569
602,000969,安泰科技,3.52,4.64,15.3102,45.1031,0.1291,970.7446,2.7803
603,000032,深桑达A,3.52,2.83,12.3287,21.1353,0.1089,746.0524,3.8445
604,000930,中粮科技,3.52,4.09,2.9948,84.1105,0.0872,2053.0251,2.1287
605,000776,广发证券,3.51,21.74,44.543,8.1245,0.0441,37.3704,0.2029
606,000532,华金资本,3.51,27.69,29.5534,16.1037,0.0567,58.1477,0.2048
607,000850,华茂股份,3.5,5.86,14.8998,35.9717,0.0571,613.0353,0.9744
608,002035,华帝股份,3.46,2.12,28.2133,10.5256,0.0796,495.007,3.7463
609,000400,许继电气,3.46,9.66,36.2284,68.1989,0.1802,705.4278,1.8648
610,000679,大连友谊,3.46,2.84,25.2066,20.7105,0.0871,726.8481,3.0591
611,600606,绿地控股,3.46,42.01,66.1852,40.6304,0.1448,96.7136,0.3448
612,002020,京新药业,3.44,4.99,29.4056,10.08,0.0992,201.7507,1.9867
613,000815,美利云,3.43,6.24,15.9258,28.0764,0.1772,449.5809,2.8382
614,000417,合肥百货,3.42,1.46,11.7799,23.5204,0.0956,1605.2768,6.5252
615,600676,交运股份,3.42,6.54,21.7181,36.1084,0.0929,551.623,1.4194
616,600101,明星电力,3.42,11.55,40.004,32.4701,0.1225,280.9091,1.0604
617,600238,海南椰岛,3.41,2.55,18.7862,17.4127,0.1048,681.3652,4.1046
618,600050,中国联通,3.4,4.09,46.865,1648.3152,0.0777,40248.1064,1.8988
619,000066,中国长城,3.4,3.81,6.592,56.4941,0.1232,1482.7181,3.2339
620,000589,贵州轮胎,3.38,2.21,14.9503,35.4343,0.1393,1600.0545,6.2913
621,000059,华锦股份,3.37,4.82,22.4484,58.0769,0.0875,1204.1132,1.8155
622,000809,铁岭新城,3.35,10.79,77.0229,4.6617,0.0406,43.1733,0.3768
623,000401,冀东水泥,3.34,6.1,25.4224,75.2942,0.0782,1233.0739,1.2807
624,600268,国电南自,3.34,3.75,28.569,18.3407,0.1554,488.4718,4.1395
625,000932,华菱钢铁,3.33,1.96,11.3205,302.2833,0.1376,15368.3086,6.9985
626,600343,航天动力,3.33,14.4,32.3524,14.5332,0.0785,100.9166,0.5454
627,600387,ST海越,3.32,6.5,5.51,19.9877,0.1009,307.3466,1.5522
628,600619,海立股份,3.31,2.15,12.313,44.038,0.0964,2042.6183,4.4733
629,600558,大西洋,3.3,2.63,16.8084,17.6046,0.1467,668.216,5.5684
630,600690,海尔智家,3.3,1.66,15.5944,187.1322,0.1564,11249.7284,9.4024
631,000581,威孚高科,3.29,6.18,25.6564,79.6896,0.1404,1289.2112,2.2726
632,600765,中航重机,3.29,9.18,41.6979,6.0761,0.0547,66.1216,0.5955
633,000554,泰山石油,3.28,1.94,8.8583,27.2774,0.0567,1405.4055,2.923
634,600316,洪都航空,3.27,18.18,30.3369,40.7676,0.1617,224.225,0.8897
635,600063,皖维高新,3.26,3.64,15.8948,22.0972,0.0873,606.7007,2.3989
636,600779,水井坊,3.23,10.95,75.9732,35.3698,0.0723,322.9494,0.661
637,000151,中成股份,3.23,5.36,18.4322,28.0327,0.0947,522.6023,1.7656
638,600126,杭钢股份,3.23,1.61,5.8851,102.7207,0.1591,6348.912,9.8381
639,600258,首旅酒店,3.22,4.25,29.9405,26.3864,0.114,620.588,2.6818
640,600159,大龙地产,3.22,3.93,24.828,9.4596,0.031,240.3057,0.7878
641,000701,厦门信达,3.22,0.72,4.126,16.8871,0.0844,2335.3604,11.6768
642,600992,贵绳股份,3.22,5.49,20.7689,22.9916,0.1398,418.3804,2.5453
643,600459,贵研铂业,3.21,5.84,14.9805,15.4373,0.1796,264.2819,3.0748
644,600120,浙江东方,3.2,1.45,10.9704,32.6374,0.0645,2244.212,4.4398
645,600219,南山铝业,3.2,9.7,22.7792,79.6655,0.1407,821.0072,1.4504
646,000861,海印股份,3.2,4.88,26.9771,7.4747,0.0671,152.8916,1.3742
647,600830,香溢融通,3.2,3.38,14.7263,17.3161,0.0659,512.2282,1.9497
648,600004,白云机场,3.19,10.81,46.5783,128.4279,0.1284,1187.9104,1.1879
649,600071,凤凰光学,3.18,4.09,21.1197,15.4894,0.0652,377.9006,1.5913
650,600358,国旅联合,3.17,35.9,51.3451,15.6832,0.0363,43.6782,0.1011
651,000510,新金路,3.17,2.85,19.1454,35.1402,0.0576,1229.991,2.019
652,600987,航民股份,3.15,5.07,13.4315,31.2229,0.0958,615.4194,1.8889
653,000677,恒天海龙,3.14,2.26,15.3412,25.3937,0.0617,1118.7268,2.7196
654,600499,科达制造,3.13,4.26,19.4073,13.6732,0.0915,320.9553,2.1495
655,600021,上海电力,3.12,4.63,15.0603,191.8935,0.1227,4140.4388,2.6481
656,000301,东方盛虹,3.12,4.65,10.5221,58.3445,0.0945,1254.1034,2.0332
657,600741,华域汽车,3.12,2.7,25.2993,58.2702,0.0617,2153.3764,2.2812
658,600301,*ST南化,3.11,3.13,14.3335,18.0693,0.0975,575.7942,3.1099
659,000860,顺鑫农业,3.11,3.03,18.8186,46.8885,0.1178,1547.1244,3.8897
660,600488,天药股份,3.11,10.2,27.9725,31.6227,0.0697,309.8565,0.6835
661,600635,大众公用,3.1,4.33,9.4066,54.6226,0.0591,1258.7426,1.3636
662,600587,新华医疗,3.09,4.04,25.3064,9.7295,0.1133,240.3894,2.801
663,000627,天茂集团,3.08,7.09,14.9584,20.9143,0.0351,294.8197,0.4956
664,600097,开创国际,3.08,4.29,29.8857,5.4573,0.0472,127.0231,1.1002
665,000407,胜利股份,3.06,3.56,13.3053,18.3954,0.0639,515.5202,1.793
666,000601,韶能股份,3.06,8.94,32.6319,74.135,0.1164,828.4466,1.301
667,600267,海正药业,3.06,3.23,21.1621,36.7772,0.0818,1138.5521,2.5341
668,600546,山煤国际,3.06,1.72,7.8954,18.7926,0.1138,1089.299,6.6018
669,600560,金自天正,3.06,7.96,18.4302,12.1528,0.1222,152.6581,1.5358
670,600869,远东股份,3.05,6.86,32.0369,4.3047,0.0358,62.7086,0.5225
671,000729,燕京啤酒,3.04,5.1,39.0855,154.4265,0.1403,3024.4871,2.7491
672,600481,双良节能,3.03,9.11,30.9731,26.4904,0.0865,290.7011,0.95
673,000666,经纬纺机,3.03,3.83,18.472,82.1154,0.1359,2142.1456,3.5477
674,600468,百利电气,3.02,3.28,14.8533,12.1405,0.0459,369.3041,1.3988
675,600543,莫高股份,3.01,8.52,29.2365,15.7831,0.114,185.2138,1.3382
676,600501,航天晨光,3.0,3.49,22.364,16.6362,0.0555,475.5322,1.5866
677,600138,中青旅,3.0,3.33,14.8738,37.6735,0.141,1130.8962,4.2355
678,600820,隧道股份,2.99,2.2,9.5621,59.669,0.1009,2709.0745,4.5828
679,000611,*ST天首,2.98,9.97,45.7358,10.5588,0.0603,105.8505,0.6047
680,600395,盘江股份,2.97,3.48,12.7176,41.4547,0.1116,1190.3323,3.2058
681,000652,泰达股份,2.97,7.35,28.4277,47.4596,0.045,645.2954,0.6122
682,600461,洪城环境,2.95,16.61,39.2732,13.2587,0.0947,79.793,0.5699
683,600710,苏美达,2.95,2.46,11.1666,20.6719,0.0626,837.2024,2.5369
684,600990,四创电子,2.9,7.1,24.2784,8.8253,0.15,124.223,2.1126
685,000534,万泽股份,2.9,16.21,5.435,16.5649,0.0795,102.1755,0.4906
686,000503,国新健康,2.9,35.85,57.072,42.2291,0.0563,117.764,0.1572
687,600400,红豆股份,2.88,6.52,21.2101,32.7682,0.0836,502.3962,1.2819
688,600692,亚通股份,2.86,6.45,26.5125,12.401,0.0469,192.2362,0.7273
689,600351,亚宝药业,2.85,2.55,33.2202,8.8199,0.0662,344.6171,2.5886
690,600199,金种子酒,2.85,4.09,12.9386,14.2407,0.0546,348.0865,1.335
691,600329,中新药业,2.83,4.03,44.278,46.089,0.1246,1141.891,3.089
692,600078,*ST澄星,2.83,4.76,12.8756,31.4224,0.0785,658.7719,1.6473
693,601607,上海医药,2.82,0.89,6.6993,51.097,0.1077,5722.0634,12.0639
694,600266,城建发展,2.82,6.85,33.397,52.6498,0.0877,768.0128,1.28
695,600884,杉杉股份,2.81,6.37,20.361,40.5205,0.0986,635.231,1.5461
696,000762,西藏矿业,2.78,10.0,37.2009,13.402,0.0534,133.924,0.5343
697,000678,襄阳轴承,2.76,7.26,20.1486,10.1805,0.0724,140.2276,0.9984
698,600289,ST信通,2.76,8.76,35.4222,31.315,0.1281,357.1912,1.4613
699,000988,华工科技,2.75,5.64,22.7862,20.0537,0.067,355.4932,1.1889
700,600088,中视传媒,2.74,9.46,29.3357,20.5788,0.0869,217.4744,0.9186
701,000788,北大医药,2.74,2.97,15.9079,7.298,0.0335,244.9756,1.1273
702,600704,物产中大,2.74,1.78,10.0793,31.645,0.0844,1770.4052,4.7242
703,000721,西安饮食,2.73,4.03,57.8754,9.0617,0.0528,224.4402,1.3077
704,600152,维科技术,2.73,1.72,10.125,19.6138,0.0668,1138.7066,3.8798
705,000851,高鸿股份,2.73,3.62,22.8206,6.8134,0.0302,187.8398,0.8352
706,000700,模塑科技,2.71,5.23,18.498,24.1596,0.0781,461.2274,1.4924
707,600833,第一医药,2.69,2.74,19.141,6.4425,0.0404,234.3552,1.4707
708,600100,同方股份,2.69,1.87,14.1858,84.6176,0.1472,4506.6416,7.8429
709,600567,山鹰国际,2.68,4.18,14.5015,30.1391,0.0706,720.266,1.6891
710,600565,迪马股份,2.68,6.21,25.9016,10.8555,0.0678,174.6784,1.0917
711,600581,八一钢铁,2.68,1.66,9.6369,62.1844,0.1054,3735.1629,6.3353
712,000019,深粮控股,2.67,12.93,17.8699,6.5904,0.0362,50.9396,0.28
713,600730,中国高科,2.65,1.22,4.7299,13.4573,0.055,1098.7966,4.4951
714,600787,中储股份,2.65,1.31,7.3658,41.0762,0.0661,3120.1185,5.0269
715,002064,华峰化学,2.65,4.74,13.5548,13.9984,0.1314,294.7262,2.7673
716,000544,中原环保,2.64,3.46,20.3368,8.9072,0.033,257.3545,0.955
717,600590,泰豪科技,2.64,5.53,21.39,21.2307,0.1081,383.6188,1.9539
718,600180,瑞茂通,2.63,5.6,13.9126,26.0249,0.1036,464.2995,1.8498
719,000078,海王生物,2.63,1.33,13.33,18.5335,0.039,1386.1808,2.9182
720,600791,京能置业,2.62,5.09,34.5442,7.0594,0.0548,138.6824,1.0775
721,600828,茂业商业,2.61,0.92,13.9954,4.671,0.0229,506.4064,2.4927
722,600210,紫江企业,2.61,3.52,17.5687,72.8661,0.0507,2064.7002,1.437
723,600985,淮北矿业,2.61,10.23,34.6879,7.3689,0.0818,72.002,0.8
724,000998,隆平高科,2.6,2.73,11.8966,22.1165,0.1404,807.5796,5.1274
725,600578,京能电力,2.59,5.75,14.5466,41.2572,0.0719,717.0041,1.2505
726,600237,铜峰电子,2.59,5.67,21.4471,14.5947,0.0486,256.9664,0.8565
727,600768,宁波富邦,2.58,1.21,8.1242,4.322,0.0323,356.3111,2.664
728,600448,华纺股份,2.56,1.86,6.9979,15.889,0.0496,851.755,2.6633
729,600770,综艺股份,2.55,5.82,18.7693,16.4574,0.0609,282.3446,1.0457
730,000610,西安旅游,2.53,9.26,27.0517,9.6805,0.0577,104.4923,0.6234
731,600540,新赛股份,2.53,5.42,15.3826,14.4156,0.08,265.8977,1.4772
732,600651,飞乐音响,2.53,2.92,19.4173,19.1167,0.0375,652.6739,1.2822
733,000877,天山股份,2.52,1.72,25.1616,13.884,0.0667,806.4296,3.8766
734,600279,重庆港九,2.51,12.74,34.5701,18.9335,0.0828,148.5007,0.6502
735,002002,鸿达兴业,2.5,5.2,15.7997,7.5936,0.0828,145.7685,1.5896
736,600740,山西焦化,2.5,3.12,16.077,25.784,0.1271,825.8331,4.0711
737,600665,天地源,2.49,7.92,17.7058,33.9986,0.0472,428.9789,0.5957
738,000881,中广核技,2.49,2.72,20.3039,18.8787,0.0611,692.765,2.2425
739,600537,亿晶光电,2.49,7.0,20.7196,12.0937,0.0525,172.7209,0.7508
740,600055,万东医疗,2.48,5.07,32.94,10.6131,0.0735,209.0962,1.449
741,000026,飞亚达,2.48,5.91,35.9178,13.5954,0.0545,229.7431,0.9214
742,600811,东方集团,2.47,5.95,12.2887,78.9956,0.1042,1326.6781,1.7507
743,600295,鄂尔多斯,2.46,7.46,31.3105,78.139,0.0757,1046.1236,1.0136
744,600354,敦煌种业,2.46,3.71,24.0458,14.2603,0.0766,383.9466,2.0646
745,600719,大连热电,2.45,4.95,20.3566,17.5981,0.0869,354.9607,1.7546
746,000603,盛达资源,2.45,5.3,8.2042,1.7981,0.0128,33.8955,0.2414
747,600113,浙江东日,2.45,23.59,53.9715,9.3206,0.0789,39.4992,0.3347
748,600613,神奇制药,2.44,14.03,55.6325,4.1846,0.0282,29.8234,0.2016
749,600530,交大昂立,2.44,13.56,54.7065,23.1631,0.0965,170.72,0.7113
750,600368,五洲交通,2.43,43.74,73.0913,32.1206,0.0726,73.4211,0.1661
751,600220,江苏阳光,2.43,4.86,15.0812,59.5348,0.0617,1224.8343,1.2706
752,002026,山东威达,2.42,8.25,23.3968,10.5458,0.0781,127.7564,0.9463
753,600112,*ST天成,2.42,5.56,25.5714,8.0312,0.0404,144.362,0.7265
754,600775,南京熊猫,2.41,8.75,14.5748,31.1442,0.0475,355.706,0.543
755,600477,杭萧钢构,2.41,1.79,16.1943,12.9923,0.0524,724.8096,2.9276
756,600522,中天科技,2.38,3.45,18.7807,14.7482,0.0544,426.505,1.5749
757,600555,*ST海创,2.37,10.33,28.5137,42.9869,0.0989,416.0548,0.9575
758,600661,昂立教育,2.35,3.7,13.8827,8.9135,0.0513,240.4502,1.3844
759,000972,*ST中基,2.34,2.16,24.362,15.1471,0.1215,699.2414,5.6123
760,600064,南京高科,2.33,3.76,16.8402,30.0273,0.0872,796.6662,2.3149
761,600476,湘邮科技,2.32,5.5,19.0782,7.5283,0.0729,136.8741,1.3256
762,000936,华西股份,2.32,1.53,4.7486,19.0111,0.0549,1241.1207,3.5842
763,600624,复旦复华,2.32,5.75,33.3792,11.0888,0.0321,192.5787,0.5579
764,600482,中国动力,2.32,2.36,15.4647,17.2823,0.0792,729.857,3.3479
765,000530,冰山冷热,2.32,4.22,18.1606,33.947,0.0969,803.43,2.2954
766,600528,中铁工业,2.32,0.86,9.4744,41.5516,0.0675,4829.689,7.8531
767,002044,美年健康,2.31,2.13,12.7457,6.1021,0.0488,286.2775,2.2902
768,000777,中核科技,2.31,3.8,21.9323,6.8331,0.0406,179.7245,1.0697
769,600678,四川金顶,2.28,4.23,24.0991,8.0897,0.0347,191.1698,0.8216
770,600141,兴发集团,2.28,1.82,18.6942,11.7414,0.0733,641.7639,4.011
771,600867,通化东宝,2.28,18.5,51.0637,30.2501,0.078,163.4563,0.4217
772,600178,东安动力,2.28,3.19,10.2704,36.6694,0.0793,1148.0722,2.4845
773,600235,民丰特纸,2.27,3.97,23.2233,19.0516,0.0723,479.5879,1.8207
774,600130,波导股份,2.27,0.9,12.2732,31.2464,0.0813,3445.6828,8.9731
775,600638,新黄浦,2.26,27.35,39.0985,51.8159,0.0923,189.4088,0.3375
776,000524,岭南控股,2.25,9.08,91.0351,13.3906,0.0496,147.3712,0.5464
777,000599,青岛双星,2.25,1.57,10.3099,22.5992,0.0496,1437.0872,3.1582
778,600157,永泰能源,2.25,1.23,6.897,7.6932,0.0451,621.0142,3.6434
779,600963,岳阳林纸,2.22,2.68,17.5215,22.9762,0.0851,856.6127,3.1749
780,600337,美克家居,2.21,3.68,31.3671,16.369,0.0823,444.7089,2.2359
781,600599,ST熊猫,2.21,6.58,15.6478,4.2979,0.0341,65.3076,0.5183
782,600390,五矿资本,2.2,3.98,14.669,13.1213,0.1229,329.0178,3.0835
783,000036,华联控股,2.2,1.73,11.8186,38.2754,0.034,2205.5585,1.9624
784,600718,东软集团,2.19,2.71,24.7627,29.9095,0.1062,1103.2177,3.9197
785,600764,中国海防,2.17,2.61,19.6533,12.6065,0.0382,481.3882,1.4599
786,600328,中盐化工,2.16,4.69,35.2849,17.66,0.0491,376.1394,1.0473
787,000953,河化股份,2.15,2.71,7.2339,7.9355,0.0269,292.4303,0.9944
788,600767,运盛医疗,2.14,2.47,22.7918,7.6181,0.0223,307.7315,0.9024
789,600458,时代新材,2.14,3.68,22.0529,7.7447,0.0378,210.3978,1.0295
790,600060,海信视像,2.13,0.96,15.7438,54.5351,0.1104,5629.6504,11.4014
791,600070,浙江富润,2.13,3.81,10.7485,8.5603,0.0608,224.2358,1.5939
792,002017,东信和平,2.11,3.12,19.4277,8.5891,0.0727,274.6176,2.3264
793,600251,冠农股份,2.09,4.45,24.348,8.3282,0.0462,186.8638,1.0381
794,600863,内蒙华电,2.09,3.52,7.4143,91.6022,0.0462,2597.6129,1.3111
795,000831,五矿稀土,2.07,2.17,11.4139,22.2909,0.0614,1022.9102,2.8179
796,600168,武汉控股,2.07,37.16,36.0218,29.2676,0.0663,78.7451,0.1784
797,600826,兰生股份,2.07,1.26,5.8376,10.7683,0.0383,852.8909,3.0413
798,600422,昆药集团,2.07,1.77,24.8809,10.8891,0.0346,612.6877,1.9501
799,000960,锡业股份,2.06,1.77,14.3877,33.1461,0.0617,1866.0411,3.4758
800,600198,*ST大唐,2.06,2.24,32.3426,22.0844,0.0503,982.5777,2.2382
801,600229,城市传媒,2.06,2.88,16.0573,19.0487,0.0645,661.1505,2.2402
802,000985,大庆华科,2.05,2.21,6.576,8.7406,0.076,393.8328,3.4246
803,000785,居然之家,2.05,0.81,14.4836,9.7018,0.0386,1196.9417,4.7644
804,000782,美达股份,2.05,1.74,9.622,19.1183,0.0472,1094.466,2.7056
805,600853,龙建股份,2.04,2.33,15.533,18.8104,0.0353,804.176,1.5104
806,600189,泉阳泉,2.04,4.44,26.501,26.0735,0.0839,586.7984,1.8898
807,600287,江苏舜天,2.0,0.56,6.7944,16.1817,0.037,2883.2634,6.6009
808,000915,华特达因,1.99,2.5,51.2882,5.6342,0.0366,225.044,1.4654
809,000564,*ST大集,1.99,2.55,15.928,11.7255,0.0433,458.7363,1.6968
810,600507,方大特钢,1.99,0.94,6.8684,11.3527,0.0349,1204.8328,3.7071
811,600895,张江高科,1.97,19.48,39.1438,51.3571,0.0422,263.5298,0.2167
812,000899,赣能股份,1.97,8.84,10.9727,29.5708,0.0539,334.2901,0.6099
813,000498,山东路桥,1.96,2.6,5.8813,8.0234,0.0205,308.3148,0.7905
814,000686,东北证券,1.96,7.68,26.9892,9.3715,0.0578,121.9584,0.7522
815,600452,涪陵电力,1.95,3.18,10.134,8.7652,0.0547,275.2011,1.72
816,000768,中航西飞,1.93,4.84,16.6092,39.0061,0.0622,805.1418,1.2853
817,600732,爱旭股份,1.92,12.89,56.4018,9.8291,0.0396,76.2245,0.3073
818,000045,深纺织A,1.92,2.5,17.2933,6.5243,0.0266,260.6348,1.0632
819,600288,大恒科技,1.92,1.16,9.7533,15.7702,0.0469,1356.8743,4.0383
820,002006,精功科技,1.9,3.02,22.5305,6.5226,0.0679,215.3405,2.2431
821,000055,方大集团,1.9,2.59,14.1954,8.1126,0.023,312.4508,0.8858
822,000929,兰州黄河,1.9,1.84,33.0638,6.8025,0.0412,368.3725,2.2328
823,000820,*ST节能,1.9,2.96,26.3909,9.5868,0.0453,322.9153,1.5273
824,000158,常山北明,1.9,2.31,11.318,29.0966,0.0676,1257.7064,2.9248
825,600421,华嵘控股,1.89,9.06,36.7161,8.951,0.0457,98.7215,0.5047
826,000632,三木集团,1.89,0.74,9.2515,8.9544,0.0265,1197.84,3.5545
827,000897,津滨发展,1.89,3.69,24.7557,17.7823,0.0216,481.4296,0.5855
828,000838,财信发展,1.88,2.34,17.5613,1.6952,0.026,72.1883,1.1085
829,000890,法尔胜,1.87,1.94,13.6105,18.264,0.0625,938.0848,3.2122
830,600278,东方创业,1.86,0.61,7.4308,18.8297,0.0588,3059.4714,9.5608
831,600855,航天长峰,1.85,8.76,32.8167,10.8345,0.037,123.6789,0.4226
832,600861,北京城乡,1.84,4.27,20.4429,31.6146,0.0997,739.0841,2.3329
833,600250,南纺股份,1.84,0.4,5.2988,14.6225,0.0565,3567.6752,13.7911
834,600836,上海易连,1.83,1.88,22.5444,4.4789,0.0308,237.6671,1.6368
835,000548,湖南投资,1.8,18.41,60.9563,16.1378,0.0473,87.6219,0.2572
836,000949,新乡化纤,1.8,2.43,10.2701,23.4544,0.0478,962.9362,1.9628
837,600444,国机通用,1.79,4.45,30.4268,5.0167,0.0716,112.5877,1.6083
838,600099,林海股份,1.79,3.07,12.5682,8.4054,0.0383,273.1992,1.2468
839,000989,九芝堂,1.79,4.13,43.4089,18.8879,0.0721,457.3052,1.7464
840,000989,九芝堂,1.79,4.13,43.4089,18.8879,0.0721,457.3052,1.7464
841,000888,峨眉山A,1.79,6.68,41.88,10.0606,0.0427,150.5476,0.6401
842,002019,亿帆医药,1.77,3.23,30.0662,5.5971,0.082,172.8645,2.5328
843,600333,长春燃气,1.77,3.46,14.5329,18.9389,0.0465,547.2368,1.3461
844,600433,冠豪高新,1.77,2.6,18.3849,7.2652,0.0454,279.1758,1.7448
845,600111,北方稀土,1.77,3.65,16.6476,20.6785,0.0512,565.4029,1.4006
846,000576,甘化科工,1.77,2.15,14.9377,8.3166,0.0257,385.8433,1.195
847,000793,华闻集团,1.77,7.62,23.896,35.2208,0.0258,461.619,0.3393
848,600321,正源股份,1.76,10.54,10.5247,20.3425,0.0893,192.9439,0.8471
849,600594,益佰制药,1.76,3.46,75.1959,10.1555,0.0842,292.7638,2.4275
850,600273,嘉化能源,1.76,4.01,9.0443,10.9514,0.0509,272.742,1.2685
851,600435,北方导航,1.75,4.45,28.0032,9.6738,0.0671,217.0808,1.5075
852,600713,南京医药,1.73,0.24,7.2544,8.0491,0.0414,3302.1891,16.9987
853,000980,*ST众泰,1.72,4.31,18.6564,7.0809,0.0472,164.2487,1.0949
854,000547,航天发展,1.72,5.0,26.6276,7.3114,0.0477,145.9911,0.954
855,000962,东方钽业,1.71,5.67,24.1041,19.3147,0.0541,340.0589,0.9541
856,600135,乐凯胶片,1.71,3.96,21.1709,15.773,0.0461,397.7072,1.1628
857,000813,德展健康,1.69,4.13,17.0215,5.37,0.0147,129.8189,0.3571
858,000553,安道麦A,1.68,1.96,14.0578,15.0877,0.0508,769.3591,2.5907
859,000752,*ST西发,1.68,9.6,37.885,8.1917,0.0465,85.2591,0.4848
860,000606,ST顺利,1.66,6.1,41.0934,5.0704,0.0334,83.0306,0.5473
861,600520,文一科技,1.65,3.19,23.981,4.5579,0.0403,142.5672,1.2612
862,000816,智慧农业,1.65,1.78,13.9283,15.6651,0.0277,878.2729,1.5572
863,600526,菲达环保,1.65,1.36,13.9698,7.5736,0.054,555.7738,3.9698
864,600513,联环药业,1.64,5.57,49.9063,4.1586,0.0693,74.6274,1.2437
865,600191,*ST华资,1.63,7.08,19.8363,21.3543,0.0704,301.5888,0.995
866,600285,羚锐制药,1.63,4.22,46.3553,7.3935,0.0736,175.1238,1.7449
867,600667,太极实业,1.62,1.59,14.8901,8.8832,0.024,557.8098,1.5124
868,600980,北矿科技,1.62,5.46,14.0071,6.0276,0.0463,110.3523,0.8488
869,600363,联创光电,1.6,1.73,21.3908,11.624,0.047,671.7259,2.7172
870,000779,甘咨询,1.6,4.17,19.2558,5.0666,0.0276,121.2822,0.6621
871,600726,华电能源,1.6,3.57,15.6271,58.1966,0.0489,1627.9505,1.369
872,600756,浪潮软件,1.6,3.81,28.048,10.0235,0.0539,263.0803,1.4156
873,000990,诚志股份,1.58,2.0,12.0641,13.1163,0.0542,655.2314,2.7077
874,002012,凯恩股份,1.57,3.72,29.4133,5.4124,0.0277,145.1861,0.7453
875,600856,ST中天,1.57,5.01,32.9983,5.5142,0.0301,109.991,0.6019
876,600965,福成股份,1.55,3.81,11.3993,7.7028,0.0275,201.9005,0.7226
877,600783,鲁信创投,1.55,1.78,13.8933,4.7511,0.0234,266.2669,1.3163
878,600873,梅花生物,1.55,1.45,23.8753,2.8859,0.0266,198.1191,1.8304
879,600967,内蒙一机,1.55,1.27,6.2202,7.4649,0.0574,585.6267,4.5048
880,000968,蓝焰控股,1.55,1.83,17.5567,22.8385,0.0577,1245.7607,3.1523
881,600805,悦达投资,1.54,3.45,24.9121,24.8505,0.0455,719.6978,1.3194
882,600148,长春一东,1.54,2.38,16.1649,4.3652,0.0308,183.0353,1.2933
883,600228,返利科技,1.53,1.23,10.3559,5.9591,0.0206,482.907,1.6767
884,000591,太阳能,1.53,0.36,7.0,5.1897,0.0472,1427.3796,12.9935
885,600851,海欣股份,1.53,4.08,21.2486,32.0454,0.0265,783.6587,0.6492
886,600291,*ST西水,1.52,5.67,23.0171,10.5701,0.066,186.1503,1.1634
887,000419,通程控股,1.51,1.81,20.3255,9.7546,0.0555,536.7504,3.0582
888,000883,湖北能源,1.51,1.48,13.1774,13.659,0.0478,922.2335,3.2315
889,600986,浙文互联,1.5,2.73,22.7021,8.4174,0.0602,307.6324,2.2021
890,600523,贵航股份,1.5,1.87,20.9222,7.4017,0.0336,395.5047,1.7977
891,000595,宝塔实业,1.5,2.71,27.7152,5.5915,0.0257,205.8983,0.9495
892,000628,高新发展,1.49,1.82,21.8476,7.9795,0.0412,438.3305,2.2645
893,600882,妙可蓝多,1.48,1.77,14.28,7.5769,0.0407,426.6649,2.2957
894,600326,西藏天路,1.47,5.21,17.1745,6.5998,0.0366,126.5329,0.7029
895,600057,厦门象屿,1.47,0.34,19.52,9.1523,0.0212,2630.7356,6.1202
896,600222,太龙药业,1.46,4.45,20.8946,7.0426,0.0517,157.93,1.16
897,600419,天润乳业,1.45,1.52,10.571,2.7826,0.0347,182.5737,2.2776
898,000797,中国武夷,1.44,2.55,18.1442,13.9963,0.0359,548.7808,1.4091
899,600839,四川长虹,1.43,1.6,15.7361,125.2892,0.066,7790.0938,4.1039
900,600893,航发动力,1.43,1.51,19.1147,8.6158,0.0366,570.0224,2.4265
901,600872,中炬高新,1.42,5.1,26.9805,19.3213,0.0266,378.2247,0.5222
902,000802,ST北文,1.42,4.77,46.594,3.6318,0.0264,76.0099,0.5528
903,600777,新潮能源,1.42,3.26,11.2954,20.5579,0.046,630.3487,1.411
904,600252,中恒集团,1.42,2.87,51.8118,4.7905,0.022,166.4228,0.7653
905,000996,中国中期,1.41,6.46,21.0805,5.2438,0.0455,81.0701,0.7049
906,600114,东睦股份,1.41,3.47,17.0183,8.5662,0.0438,246.7991,1.2623
907,000818,航锦科技,1.41,1.28,10.7952,16.6967,0.0491,1304.0889,3.8355
908,600262,北方股份,1.41,2.72,25.6936,8.8706,0.0521,326.0827,1.9181
909,600281,华阳新材,1.4,1.91,13.1875,16.6057,0.0462,865.1006,2.4103
910,000712,锦龙股份,1.4,4.58,28.264,6.1465,0.0403,133.9667,0.8795
911,600881,亚泰集团,1.39,2.62,22.8423,34.0376,0.0406,1296.5117,1.5496
912,000966,长源电力,1.39,0.81,13.3791,11.58,0.0312,1415.8443,3.8251
913,600648,外高桥,1.38,8.11,33.1726,15.9516,0.0214,196.609,0.2638
914,600405,动力源,1.38,3.36,28.8032,4.8529,0.0465,144.2164,1.3821
915,600200,江苏吴中,1.38,1.6,12.3643,12.1168,0.0291,756.2543,1.8187
916,600889,南京化纤,1.37,3.23,13.0443,8.9412,0.0461,276.6933,1.4273
917,000833,粤桂股份,1.37,1.85,16.3297,8.3374,0.0329,448.8142,1.7761
918,000507,珠海港,1.36,20.7,22.9607,14.4041,0.0417,69.5819,0.2016
919,600061,国投资本,1.36,1.18,7.1476,6.8199,0.0182,576.3902,1.5448
920,600249,两面针,1.36,8.05,27.2404,13.8279,0.0921,171.6171,1.1441
921,600319,*ST亚星,1.35,1.82,10.8407,14.2063,0.045,777.1634,2.4625
922,000636,风华高科,1.35,3.44,16.6119,28.5996,0.0413,830.7738,1.2023
923,600571,信雅达,1.35,2.8,33.5606,4.5607,0.0234,162.4242,0.8348
924,000862,银星能源,1.35,2.06,36.3505,2.0508,0.0093,99.0747,0.4537
925,600654,ST中安,1.34,2.44,19.4258,17.0377,0.0225,696.7213,0.9227
926,600469,风神股份,1.34,0.44,13.0403,10.7386,0.0421,2401.3287,9.4169
927,000514,渝开发,1.33,8.59,28.7067,3.7464,0.0212,43.5995,0.2472
928,600538,国发股份,1.33,2.58,25.4466,6.7238,0.024,260.1572,0.9317
929,000875,吉电股份,1.33,4.86,3.9887,30.4701,0.0483,625.8727,0.9934
930,600128,弘业股份,1.32,0.84,8.0201,8.1089,0.0406,963.4699,4.8306
931,600573,惠泉啤酒,1.32,2.8,30.4317,12.4942,0.0499,444.6631,1.7786
932,600566,济川药业,1.3,6.98,35.786,6.3192,0.0594,90.4256,0.8506
933,600960,渤海汽车,1.29,1.99,18.2032,7.3204,0.0674,367.5858,3.3863
934,600562,国睿科技,1.29,4.85,22.34,4.4178,0.0525,90.9277,1.0813
935,600532,未来股份,1.28,1.6,16.8987,4.9732,0.0425,309.2517,2.6431
936,000938,紫光股份,1.26,0.53,6.4088,8.2416,0.0399,1530.6081,7.4272
937,000975,银泰黄金,1.26,8.47,22.846,11.6626,0.0218,137.6255,0.2583
938,600225,*ST松江,1.25,3.88,4.9432,1.6615,0.0075,42.7542,0.1933
939,600778,友好集团,1.24,1.84,19.358,9.8223,0.0315,531.7016,1.7069
940,600712,南宁百货,1.23,0.4,13.2967,1.9891,0.0137,491.29,3.3958
941,600359,新农开发,1.21,4.49,15.3492,13.3708,0.0416,297.128,0.9256
942,600119,长江投资,1.21,0.88,15.2961,5.552,0.0215,627.2185,2.4367
943,600257,大湖股份,1.21,5.39,36.1695,7.5394,0.0264,139.6528,0.4905
944,000676,智度股份,1.2,1.62,21.4129,5.0968,0.0162,312.8191,0.9943
945,600243,青海华鼎,1.2,1.71,20.9609,5.3436,0.0341,311.241,1.9874
946,000585,*ST东电,1.19,3.67,22.1225,9.6636,0.011,263.0648,0.3012
947,000821,京山轻机,1.19,4.2,16.2105,13.1978,0.0382,313.8217,0.9089
948,600277,亿利洁能,1.17,1.46,13.3462,9.8711,0.0567,671.9336,3.8661
949,600192,长城电工,1.17,1.97,20.5222,13.1417,0.041,664.8079,2.0742
950,600630,龙头股份,1.17,0.96,14.1682,16.1666,0.038,1678.3042,3.9502
951,600297,广汇汽车,1.17,1.73,13.0274,6.7902,0.059,391.5394,3.4046
952,000607,华媒控股,1.17,0.69,15.7851,9.5549,0.0195,1370.004,2.8089
953,000720,新能泰山,1.16,1.6,18.9152,15.9816,0.0185,994.985,1.1523
954,600122,ST宏图,1.15,0.63,12.1733,12.0103,0.0376,1904.068,5.9651
955,600306,*ST商城,1.15,0.68,13.3833,5.4858,0.0307,798.55,4.4827
956,600731,湖南海利,1.14,2.36,26.5879,6.8566,0.0267,290.4322,1.1331
957,000597,东北制药,1.13,0.96,19.3105,10.3777,0.0341,1070.011,3.5219
958,600403,ST大有,1.12,3.41,27.7777,2.9125,0.0228,85.2552,0.6688
959,000563,陕国投A,1.12,16.13,60.6473,3.4314,0.0109,21.2732,0.0677
960,600345,长江通信,1.1,4.21,21.6553,10.4353,0.0527,247.385,1.2494
961,000727,冠捷科技,1.1,5.03,12.5266,10.6109,0.0295,210.925,0.5872
962,000062,深圳华强,1.08,1.21,16.4819,13.3645,0.0432,1099.8405,3.5601
963,000009,中国宝安,1.07,1.43,32.3247,12.7307,0.0132,889.2433,0.9274
964,002016,世荣兆业,1.07,7.2,52.9806,2.5605,0.0404,35.5263,0.5613
965,600570,恒生电子,1.06,2.57,41.6625,3.5114,-0.1875,136.1144,0.9531
966,000523,*ST浪奇,1.06,1.07,14.3027,4.4716,0.0259,417.1267,2.4169
967,600724,宁波富达,1.04,1.16,16.1335,6.7792,0.0186,579.929,1.5915
968,000710,贝瑞基因,1.02,1.28,16.4752,1.0184,0.0067,78.9942,0.5224
969,600145,*ST新亿,1.02,3.01,25.5292,5.3152,0.0153,176.5481,0.5095
970,600218,全柴动力,1.02,1.38,9.0773,8.5663,0.0302,617.1801,2.1777
971,600733,北汽蓝谷,1.02,5.54,72.7024,2.9698,0.015,53.5411,0.2709
972,000016,深康佳A,1.02,0.6,17.5966,33.3679,0.0554,5538.1258,9.1997
973,600373,中文传媒,1.01,0.9,9.8652,2.8476,0.0227,314.8669,2.5189
974,600156,华升股份,1.01,1.62,5.4553,6.4348,0.0146,396.5134,0.9034
975,000521,长虹美菱,1.0,0.62,16.7595,8.756,0.0211,1405.9754,3.399
976,600184,光电股份,1.0,3.71,20.5822,2.8142,0.0402,75.6999,1.0814
977,000952,广济药业,0.99,2.8,27.6098,5.365,0.0313,191.0462,1.1157
978,600866,星湖科技,0.98,2.42,21.2332,8.7059,0.0167,359.5851,0.69
979,000584,哈工智能,0.98,2.11,17.4542,3.3964,0.0111,160.3785,0.5286
980,600073,上海梅林,0.96,1.89,13.8512,7.9729,0.0246,420.4036,1.2975
981,000705,浙江震元,0.95,0.91,12.6563,4.2732,0.034,465.8642,3.7171
982,000546,金圆股份,0.95,4.87,64.1786,2.0719,0.0122,42.5195,0.2508
983,000153,丰原药业,0.95,2.36,24.8591,5.7224,0.022,242.1366,0.9312
984,600353,旭光电子,0.94,3.17,21.5358,3.2429,0.0341,102.0327,1.0741
985,600810,神马股份,0.94,2.27,10.8385,25.3595,0.0573,1113.9463,2.5186
986,600206,有研新材,0.93,3.36,16.5918,6.1545,0.0424,182.9715,1.2618
987,600539,狮头股份,0.93,3.78,18.436,8.1409,0.0353,215.1047,0.9352
988,600212,江泉实业,0.93,2.53,10.3788,12.3905,0.0242,488.0302,0.9537
989,000756,新华制药,0.92,1.43,18.4484,12.3622,0.027,861.634,1.8841
990,000737,南风化工,0.91,0.96,18.9468,13.1195,0.0286,1365.6027,2.9862
991,000856,冀东装备,0.91,1.48,26.8987,3.4794,0.0198,234.5165,1.34
992,000835,*ST长动,0.9,1.66,10.9436,1.8713,0.0173,112.3103,1.0399
993,600647,同达创业,0.9,1.76,16.8066,0.5328,0.0099,30.1315,0.563
994,002011,盾安环境,0.89,3.05,22.5407,3.4996,0.0491,114.6619,1.6108
995,600185,格力地产,0.88,1.61,14.278,4.8896,0.0188,303.3663,1.1681
996,000099,中信海直,0.88,4.61,23.9361,10.7699,0.0209,233.5738,0.4547
997,600976,健民集团,0.88,1.05,14.2481,6.2272,0.0811,589.9997,7.6923
998,600241,ST时万,0.87,0.54,6.5583,4.022,0.0379,738.2722,6.9648
999,000957,中通客车,0.87,0.97,11.5519,4.1436,0.0173,425.6392,1.7846
1000,000961,中南建设,0.87,0.7,8.3822,9.6575,0.0321,1361.9561,4.5318
1001,000615,奥园美谷,0.87,1.88,12.6931,5.9387,0.028,315.7652,1.4917
1002,600038,中直股份,0.86,2.99,10.753,10.1399,0.03,338.0698,1.0021
1003,600103,青山纸业,0.86,2.29,18.2528,14.0007,0.0198,610.5941,0.8644
1004,600167,联美控股,0.85,6.2,36.0233,3.7753,0.0198,60.7945,0.3199
1005,600742,一汽富维,0.85,0.65,3.4215,9.5621,0.0452,1451.1605,6.8605
1006,600545,卓郎智能,0.84,2.71,24.0834,4.9818,0.031,183.2032,1.1411
1007,000801,四川九洲,0.84,0.38,7.385,0.8237,0.0062,211.5887,1.6025
1008,600179,安通控股,0.84,1.84,4.6296,7.3711,0.0189,400.4481,1.0267
1009,600696,岩石股份,0.83,5.36,25.0498,3.6202,0.0106,67.4592,0.198
1010,000504,南华生物,0.82,3.77,38.986,3.664,0.0117,97.1565,0.3118
1011,600684,珠江股份,0.82,12.93,42.9515,5.3654,0.0286,41.487,0.2218
1012,600503,华丽家族,0.82,1.19,11.4967,0.8798,0.0079,73.4931,0.6681
1013,600860,京城股份,0.81,1.99,22.6952,10.2895,0.0243,514.5256,1.2192
1014,600116,三峡水利,0.8,1.75,33.2443,3.4289,0.0196,195.3115,1.1175
1015,000426,兴业矿业,0.8,4.13,28.9114,10.5267,0.0304,254.7068,0.7359
1016,000955,欣龙控股,0.79,2.6,16.7437,3.2958,0.0146,126.62,0.5615
1017,600171,上海贝岭,0.78,4.42,17.1374,13.7999,0.0225,311.7294,0.5089
1018,000753,漳州发展,0.78,1.16,7.0879,5.3993,0.0149,462.9495,1.2832
1019,000416,民生控股,0.77,1.15,30.3067,5.022,0.0123,436.2877,1.0686
1020,600059,古越龙山,0.76,2.61,31.6262,8.7735,-0.1623,335.3389,1.4404
1021,000711,京蓝科技,0.76,55.14,46.2716,2.665,0.0248,4.833,0.045
1022,600478,科力远,0.75,1.08,10.6178,2.3007,0.0185,212.8331,1.7205
1023,000672,上峰水泥,0.75,3.63,13.1121,0.3451,0.0022,9.507,0.0625
1024,601111,中国国航,0.74,0.7,15.8993,147.2801,0.0156,20865.7594,2.2119
1025,600209,*ST罗顿,0.73,7.83,9.9032,5.1561,0.0117,65.8284,0.1499
1026,000425,徐工机械,0.73,0.49,9.416,7.9158,0.0145,1614.1712,2.9613
1027,000868,安凯客车,0.72,1.05,11.6314,4.7223,0.0158,449.1826,1.5121
1028,600311,ST荣华,0.72,5.75,16.3259,8.0095,0.0308,139.189,0.5353
1029,000598,兴蓉环境,0.71,1.36,15.2879,5.0395,0.0166,370.1849,1.2238
1030,000971,ST高升,0.71,2.33,17.4642,3.3986,0.0181,145.6878,0.779
1031,000520,长航凤凰,0.71,0.71,2.465,9.017,0.0173,1267.6549,2.4417
1032,600857,宁波中百,0.7,0.67,11.0546,2.5985,0.0135,385.7829,2.0062
1033,600702,舍得酒业,0.7,3.05,32.4332,11.7269,0.0347,384.2692,1.1392
1034,000685,中山公用,0.7,7.88,52.6443,2.3574,0.0104,29.9012,0.1326
1035,600208,新湖中宝,0.7,1.05,20.8744,4.3938,0.014,416.6167,1.332
1036,600339,中油工程,0.7,0.78,14.3594,4.4082,0.0138,561.047,1.7681
1037,000029,深深房A,0.69,1.86,19.1061,7.3499,0.0072,394.3947,0.3898
1038,600671,ST目药,0.69,1.07,32.1923,1.4464,0.0118,134.037,1.1006
1039,000733,振华科技,0.69,1.62,19.734,13.043,0.0364,802.4772,2.2408
1040,600399,抚顺特钢,0.68,0.47,8.6037,10.2971,0.0198,2174.7341,4.1821
1041,000058,深赛格,0.68,1.08,5.5271,8.8322,0.0112,811.6848,1.0342
1042,600283,钱江水利,0.67,4.74,41.4539,5.9628,0.0208,125.6248,0.4402
1043,600483,福能股份,0.66,1.02,10.0844,4.0494,0.014,395.8487,1.3721
1044,600322,天房发展,0.66,2.21,23.3469,11.017,0.026,496.7527,1.1723
1045,600162,香江控股,0.65,0.36,11.4504,5.0552,0.0143,1380.5322,3.9244
1046,600568,ST中珠,0.65,0.37,10.6226,2.9086,0.0266,776.9292,7.1088
1047,000995,皇台酒业,0.64,5.97,47.6649,2.2399,0.0145,37.4791,0.2433
1048,000976,华铁股份,0.64,0.67,3.075,6.3711,0.0108,943.0986,1.6076
1049,600408,ST安泰,0.64,0.48,13.4125,6.4094,0.0163,1319.9777,3.3759
1050,000702,正虹科技,0.62,0.4,10.1457,3.1578,0.0111,779.5698,2.7565
1051,600133,东湖高新,0.62,8.3,35.7177,4.8576,0.0176,58.4716,0.2121
1052,600146,*ST环球,0.61,3.31,29.7409,2.0469,0.0102,61.7514,0.3087
1053,600158,中体产业,0.6,2.06,60.8859,5.0425,0.0198,244.617,0.9643
1054,000948,南天信息,0.6,0.52,14.8085,3.0488,0.0217,584.8444,4.1774
1055,600698,湖南天雁,0.59,0.22,9.9009,2.1499,0.0022,946.5978,0.974
1056,600776,东方通信,0.59,0.13,1.5805,12.592,0.02,9446.9595,15.0429
1057,601158,重庆水务,0.59,10.08,11.4596,34.0992,0.0079,338.2059,0.0786
1058,000738,航发控制,0.58,1.33,3.5978,2.4455,0.0061,182.5966,0.459
1059,000573,粤宏远A,0.57,3.82,31.887,8.1722,0.0131,213.6478,0.343
1060,000682,东方电子,0.56,2.26,29.7074,7.1631,0.0078,316.3613,0.3446
1061,000789,万年青,0.55,0.95,16.2709,3.1299,0.0091,328.4489,0.9646
1062,600072,中船科技,0.55,1.32,5.9556,5.7007,0.0157,429.7625,1.1857
1063,600637,东方明珠,0.55,0.78,6.9139,14.3816,0.0223,1822.502,2.8281
1064,600215,长春经开,0.55,15.45,7.5625,12.6806,0.0354,82.0525,0.2293
1065,600498,烽火通信,0.54,1.58,25.5484,12.1838,0.0297,766.9774,1.8706
1066,000908,景峰医药,0.52,1.55,27.0156,1.734,0.0061,111.431,0.3979
1067,000502,*ST绿景,0.52,1.79,39.8035,1.3856,0.0089,77.067,0.495
1068,600108,亚盛集团,0.52,2.18,15.322,8.2514,0.0057,377.782,0.2621
1069,600871,石化油服,0.51,0.53,3.6047,42.689,0.0106,8051.557,2.0128
1070,000993,闽东电力,0.51,5.06,51.2592,6.2858,0.0209,124.1614,0.4138
1071,600509,天富能源,0.5,0.92,24.6317,3.5744,0.014,384.9596,1.5178
1072,600127,金健米业,0.5,1.01,14.0144,3.7893,0.0112,374.2377,1.109
1073,600346,恒力石化,0.5,1.0,25.1076,1.6238,0.0154,161.839,1.5413
1074,000669,ST金鸿,0.49,1.6,26.7452,0.4544,0.0073,28.2835,0.4586
1075,000543,皖能电力,0.48,1.1,6.1503,11.4485,0.0148,1037.836,1.3425
1076,000977,浪潮信息,0.48,1.13,11.6865,4.411,0.0205,387.7771,1.8036
1077,000859,国风塑业,0.48,1.06,9.6661,4.9581,0.0117,465.3767,1.1067
1078,000025,特力A,0.47,0.18,8.3866,1.0843,0.0049,578.5418,2.6263
1079,000040,东旭蓝天,0.47,1.27,34.1983,4.1113,0.0087,323.325,0.6885
1080,600789,鲁抗医药,0.46,1.22,17.5772,6.9328,0.0168,567.9961,1.3794
1081,600551,时代出版,0.46,1.09,32.5205,0.5598,0.0074,51.3328,0.6844
1082,600723,首商股份,0.46,0.58,14.2244,5.229,0.0127,888.4741,2.1685
1083,600769,祥龙电业,0.45,0.83,10.2195,3.545,0.0101,426.9021,1.2238
1084,600335,国机汽车,0.45,0.65,25.7221,1.3208,0.0113,202.5554,1.7367
1085,600490,鹏欣资源,0.44,1.36,19.6977,1.2637,0.0143,92.6154,1.0524
1086,000967,盈峰环境,0.44,1.77,24.4378,1.7296,0.0126,97.6907,0.7141
1087,600605,汇通能源,0.44,0.44,3.4732,1.523,0.0072,342.1872,1.6279
1088,600720,祁连山,0.44,0.91,27.7111,3.8746,0.0097,422.9701,1.0683
1089,600868,梅雁吉祥,0.43,3.47,38.1762,12.1654,0.0095,349.9212,0.2746
1090,000812,陕西金叶,0.42,2.01,25.3358,2.31,0.0088,114.6053,0.4395
1091,000886,海南高速,0.42,5.54,27.2973,9.505,0.0096,171.3898,0.1733
1092,600429,三元股份,0.41,0.6,19.9306,3.0089,0.0047,494.682,0.779
1093,600107,美尔雅,0.39,1.62,39.2002,1.499,0.0041,92.0981,0.2558
1094,600652,*ST游久,0.39,0.44,33.904,3.2797,0.0084,739.5135,1.8985
1095,600455,博通股份,0.39,1.15,30.9092,0.7287,0.0116,63.0933,1.0101
1096,600838,上海九百,0.39,1.81,37.9645,2.1662,0.0054,119.147,0.2972
1097,000565,渝三峡A,0.38,0.98,15.4779,1.4317,0.0082,144.673,0.8341
1098,600559,老白干酒,0.38,0.69,36.8182,1.2849,0.0091,184.4236,1.3173
1099,600821,金开新能,0.37,0.25,5.6672,2.3315,0.0079,897.5745,3.0684
1100,000790,华神科技,0.36,1.37,28.4047,1.4554,0.0094,105.9082,0.6896
1101,600753,东方银星,0.35,1.17,27.4295,0.4093,0.0031,34.8505,0.2722
1102,600313,农发种业,0.34,0.4,5.7535,1.7812,0.007,442.2828,1.7536
1103,000798,中水渔业,0.34,3.62,24.9217,2.2741,0.0106,62.7079,0.2944
1104,000735,罗牛山,0.34,1.39,12.4852,4.1682,0.0047,299.8667,0.3407
1105,600604,市北高新,0.33,0.57,9.8168,2.2634,0.0039,396.8965,0.7006
1106,600819,耀皮玻璃,0.3,0.72,14.5633,6.0816,0.0083,838.7699,1.147
1107,600841,上柴股份,0.3,0.32,14.7621,5.3777,0.0111,1630.7317,3.3951
1108,600221,*ST海航,0.3,0.36,19.8273,20.8002,0.0058,5752.658,1.6295
1109,600163,中闽能源,0.29,0.49,13.9438,3.428,0.0112,698.3399,2.2825
1110,600186,莲花健康,0.28,0.72,10.0621,5.6343,0.0063,777.0646,0.879
1111,600211,西藏药业,0.28,0.32,17.8223,1.1162,0.0091,343.5444,2.8021
1112,600095,湘财股份,0.28,1.56,19.4728,1.7532,0.0067,112.0602,0.4284
1113,000928,中钢国际,0.27,0.46,15.736,2.4391,0.0086,525.934,1.859
1114,000958,东方能源,0.27,0.61,15.9261,3.4312,0.0099,553.771,1.611
1115,600640,新国脉,0.27,2.0,-3.2414,2.9453,0.0073,147.2108,0.3667
1116,600679,上海凤凰,0.27,0.15,7.817,1.3375,0.0037,849.7713,2.403
1117,600602,云赛智联,0.25,1.66,5.0726,7.4249,0.0069,445.2261,0.4175
1118,600854,春兰股份,0.25,0.47,21.8445,7.5783,0.0145,1588.0506,3.0571
1119,000796,凯撒旅业,0.24,0.25,18.8372,0.8265,0.0042,323.7552,1.6826
1120,600816,ST安信,0.23,2.57,4.6924,0.9106,0.002,35.3275,0.0777
1121,000020,深华发A,0.23,1.04,5.5616,0.5701,0.002,54.578,0.1927
1122,000596,古井贡酒,0.22,0.43,36.1942,1.8058,0.0076,412.1241,1.7537
1123,000593,大通燃气,0.22,0.59,28.7456,0.6287,0.0033,106.254,0.5583
1124,600727,鲁北化工,0.21,1.47,5.9678,5.0205,0.0132,339.5302,0.8951
1125,600265,*ST景谷,0.2,0.42,19.2199,0.7491,0.0071,176.3171,1.6792
1126,000070,特发信息,0.2,0.64,13.7453,1.2565,0.005,195.0867,0.7803
1127,600093,*ST易见,0.19,0.66,26.1213,0.6908,0.0024,103.185,0.3596
1128,600790,轻纺城,0.19,0.45,27.3222,1.9918,0.0053,433.6718,1.1662
1129,000697,炼石航空,0.18,0.17,6.5639,1.0458,0.0048,612.5916,2.817
1130,600182,SST佳通,0.17,0.06,9.3151,0.6327,0.0018,943.4896,2.7749
1131,000068,华控赛格,0.16,0.36,15.2769,3.3958,0.0043,926.6426,1.1789
1132,000909,数源科技,0.15,0.2,15.4489,0.8382,0.0042,415.8616,2.1217
1133,000973,佛塑科技,0.15,0.12,7.078,2.2331,0.0036,1810.0079,2.9548
1134,000889,中嘉博创,0.15,0.35,22.6174,1.0697,0.0036,300.7163,1.021
1135,600843,上工申贝,0.14,0.07,27.0034,0.8036,0.0017,1035.7061,2.3072
1136,000518,四环生物,0.14,1.27,29.7027,1.4973,0.0014,117.2545,0.1138
1137,000917,电广传媒,0.14,0.26,27.6217,2.7012,0.0103,1026.4027,3.9401
1138,600039,四川路桥,0.13,0.13,9.7879,1.2275,0.004,939.669,3.1322
1139,000806,ST银河,0.13,0.39,33.0643,1.6919,0.0029,429.7452,0.7436
1140,000806,ST银河,0.13,0.39,33.0643,1.6919,0.0029,429.7452,0.7436
1141,600293,三峡新材,0.1,0.26,11.4912,0.7634,0.0022,292.5087,0.849
1142,600746,江苏索普,0.1,0.17,13.0054,0.3946,0.0012,220.1487,0.7184
1143,600091,*ST明科,0.1,0.63,13.4709,2.0702,0.0061,325.8316,0.9682
1144,600894,广日股份,0.09,0.06,5.0065,1.5699,0.002,2306.2943,3.025
1145,600365,ST通葡,0.09,1.2,42.6058,0.4314,0.003,35.7406,0.2552
1146,600579,克劳斯,0.09,0.13,5.1133,0.4985,0.0023,382.1764,1.7693
1147,600203,福日电子,0.07,0.04,4.5823,0.3902,0.0015,861.536,3.3601
1148,000791,甘肃电投,0.06,0.18,16.9838,0.1346,0.0007,71.5322,0.3784
1149,600898,ST美讯,-0.11,-0.04,4.236,-0.4037,-0.0018,857.6133,3.9481
1150,600688,上海石化,-0.14,-0.11,4.6458,-27.56,-0.0038,23423.28,3.2532
1151,600355,精伦电子,-0.43,-2.12,33.2363,-2.6898,-0.0109,126.7689,0.5152
1152,600378,昊华科技,-0.44,-1.34,20.1601,-1.7935,-0.0091,133.1027,0.6805
1153,000571,ST大洲,-0.55,-0.6,16.2977,-4.8478,-0.0065,802.0312,1.0896
1154,000582,北部湾港,-0.57,-4.83,16.0222,-2.4778,-0.0131,51.2256,0.2717
1155,600149,廊坊发展,-0.62,-5.27,27.1965,-3.6046,-0.0117,68.2821,0.2234
1156,000008,神州高铁,-0.63,-9.43,17.8606,-0.4587,-0.0062,4.8596,0.0659
1157,600318,新力金融,-0.64,-1.01,20.7153,-2.6381,-0.0131,260.2343,1.3011
1158,600340,华夏幸福,-0.64,-2.53,24.3253,-2.1133,-0.0221,83.3222,0.874
1159,002042,华孚时尚,-0.71,-0.77,7.4316,-1.9063,-0.019,245.5574,2.4555
1160,000616,ST海投,-0.72,-5.13,51.8486,-4.9044,-0.0173,95.5935,0.3372
1161,000590,启迪药业,-0.8,-1.78,37.4756,-2.1309,-0.0104,119.6855,0.5895
1162,000935,四川双马,-0.83,-1.56,12.8952,-4.1117,-0.0128,263.3488,0.8244
1163,000420,吉林化纤,-0.87,-1.58,12.184,-10.1153,-0.0267,639.6769,1.6911
1164,600290,ST华仪,-0.89,-1.21,11.5593,-1.7827,-0.0102,147.1988,0.8445
1165,600379,宝光股份,-0.9,-1.91,22.7529,-2.6083,-0.0165,136.5244,0.864
1166,600758,辽宁能源,-0.95,-0.4,5.4073,-1.1534,-0.0072,284.7415,1.7823
1167,600864,哈投股份,-1.02,-2.07,8.7651,-4.2691,-0.0312,205.3753,1.5035
1168,000061,农产品,-1.21,-1.77,29.2829,-17.0179,-0.0438,956.0976,2.4663
1169,000923,河钢资源,-1.24,-1.81,14.2406,-4.5854,-0.0277,253.1288,1.5341
1170,600618,氯碱化工,-1.25,-1.97,8.1068,-36.1234,-0.031,1831.781,1.573
1171,600239,*ST云城,-1.25,-15.66,29.4421,-3.7798,-0.0213,24.1287,0.136
1172,000681,视觉中国,-1.28,-14.01,34.2041,-4.0681,-0.0204,29.0217,0.146
1173,600080,金花股份,-1.35,-6.55,16.617,-10.3931,-0.034,158.4872,0.5191
1174,600812,华北制药,-1.39,-0.95,19.8117,-16.8349,-0.022,1756.1304,2.3049
1175,000981,*ST银亿,-1.44,-3.71,6.6168,-7.931,-0.0492,213.2021,1.3242
1176,600615,*ST丰华,-1.45,-6.19,29.5055,-3.0257,-0.0201,48.8803,0.3249
1177,600246,万通发展,-1.47,-25.07,47.3522,-5.6956,-0.0619,22.7127,0.2468
1178,600823,世茂股份,-1.57,-18.16,22.4691,-12.2157,-0.0344,67.2312,0.1895
1179,600848,上海临港,-1.59,-0.44,18.2313,-2.0375,-0.0051,461.9466,1.1569
1180,000687,*ST华讯,-1.61,-3.17,3.2461,-12.8897,-0.0401,405.5949,1.2643
1181,600165,新日恒力,-1.64,-2.84,9.5406,-8.1078,-0.0418,285.1488,1.4701
1182,000657,中钨高新,-1.65,-1.49,6.3912,-9.8746,-0.0577,659.6023,3.8554
1183,000656,金科股份,-1.66,-47.25,23.304,-6.2591,-0.0304,13.2453,0.0643
1184,600620,天宸股份,-1.77,-20.1,18.7622,-8.658,-0.027,43.0654,0.1345
1185,600850,电科数字,-1.84,-0.74,13.081,-3.8217,-0.0223,514.6507,3.009
1186,600825,新华传媒,-1.86,-1.23,15.6212,-16.9702,-0.0646,1375.2891,5.2366
1187,000965,天保基建,-1.9,-10.5,5.2702,-10.4369,-0.0437,99.3779,0.4163
1188,000065,北方国际,-1.94,-1.26,5.095,-8.3599,-0.0514,661.8274,4.0743
1189,000408,藏格控股,-1.99,-16.13,23.7945,-6.3213,-0.0551,39.1663,0.3414
1190,000692,惠天热电,-2.04,-4.77,-3.3772,-18.9782,-0.0712,397.3942,1.4916
1191,000902,新洋丰,-2.07,-1.0,4.446,-7.027,-0.0326,698.4298,3.2485
1192,000691,亚太实业,-2.15,-8.99,8.5789,-9.4965,-0.0367,105.5202,0.4087
1193,600706,曲江文旅,-2.16,-2.21,54.3886,-2.7266,-0.0312,123.0488,1.4089
1194,600744,华银电力,-2.17,-5.03,2.9968,-55.4231,-0.0778,1100.1996,1.5459
1195,000722,湖南发展,-2.22,-8.66,27.0026,-19.6328,-0.0732,226.4594,0.8445
1196,600890,*ST中房,-2.23,-47.35,44.498,-7.7973,-0.016,16.4645,0.0339
1197,600877,电能股份,-2.25,-1.42,8.2983,-25.6636,-0.0541,1804.4062,3.8078
1198,600506,*ST香梨,-2.27,-233.82,5.6568,-9.3394,-0.0581,3.9943,0.0248
1199,600760,中航沈飞,-2.3,-3.6,9.0833,-10.6161,-0.0388,294.603,1.0791
1200,000586,汇源通信,-2.34,-2.48,17.9206,-6.6333,-0.0342,266.6674,1.3785
1201,002005,ST德豪,-2.34,-1.76,7.6975,-14.2888,-0.1414,809.5176,8.015
1202,000703,恒逸石化,-2.36,-2.91,10.4101,-4.2925,-0.0402,147.1092,1.38
1203,600466,蓝光发展,-2.42,-17.82,38.2513,-14.0922,-0.1106,79.0684,0.6206
1204,000663,永安林业,-2.46,-5.05,17.0293,-7.9992,-0.0478,158.3801,0.947
1205,000004,国华网安,-2.54,-14.1,49.5748,-2.1064,-0.025,14.9307,0.1777
1206,600449,宁夏建材,-2.55,-7.26,15.2511,-14.6931,-0.1194,202.3697,1.6452
1207,600653,申华控股,-2.55,-2.65,6.1993,-32.9587,-0.0226,1243.1035,0.8541
1208,000037,深南电A,-2.68,-2.48,-9.5622,-39.86,-0.0727,1600.8376,2.9214
1209,600081,东风科技,-2.72,-2.13,8.2265,-10.3097,-0.0328,481.7652,1.5364
1210,600773,西藏城投,-2.76,-20.05,68.4187,-1.8015,-0.0099,8.9844,0.0498
1211,000707,*ST双环,-2.83,-8.92,-3.6462,-44.2543,-0.0953,496.0677,1.0687
1212,000023,深天地A,-2.95,-2.87,11.3298,-6.3442,-0.0457,220.5382,1.5893
1213,600668,尖峰集团,-2.98,-4.31,10.3541,-26.1948,-0.0761,606.4364,1.7624
1214,000901,航天科技,-3.0,-16.75,31.5199,-11.0117,-0.0496,65.721,0.2963
1215,000795,英洛华,-3.02,-12.29,12.4117,-22.7039,-0.082,184.5875,0.6668
1216,600763,通策医疗,-3.05,-118.53,61.0825,-0.9759,-0.006,0.8233,0.0051
1217,600593,*ST圣亚,-3.05,-28.53,15.9201,-9.0173,-0.098,31.605,0.3435
1218,600376,首开股份,-3.13,-84.72,24.0975,-22.4222,-0.0863,26.4652,0.1018
1219,600275,*ST昌鱼,-3.14,,,-22.1033,-0.0496,0.0,0.0
1220,000404,长虹华意,-3.19,-1.38,12.5327,-12.0343,-0.0461,870.4107,3.3367
1221,600166,福田汽车,-3.28,-0.46,7.0151,-45.9109,-0.0565,9794.5237,12.071
1222,000920,沃顿科技,-3.31,-4.75,17.5542,-23.9578,-0.0567,504.3101,1.195
1223,600846,同济科技,-3.32,-3.01,29.5992,-15.298,-0.055,507.4195,1.8246
1224,600109,国金证券,-3.32,-15.48,3.6748,-6.5797,-0.0926,42.5027,0.5987
1225,000159,国际实业,-3.5,-8.43,37.9526,-17.8539,-0.1039,211.7509,1.2325
1226,600576,祥源文化,-3.62,-3.15,7.844,-15.4176,-0.0794,488.6508,2.5176
1227,000150,宜华健康,-3.64,-14.53,-0.9309,-16.5672,-0.0511,113.9678,0.3517
1228,001896,豫能控股,-3.72,-12.59,-0.0524,-29.6401,-0.0689,235.4108,0.5474
1229,000011,深物业A,-3.78,-13.2,30.4294,-23.3914,-0.0431,177.1421,0.3269
1230,000803,北清环能,-3.83,-9.02,17.8607,-4.34,-0.0428,48.098,0.4745
1231,000409,云鼎科技,-4.01,,5.1852,-4.5892,-0.0267,-3.5995,-0.021
1232,600052,浙江广厦,-4.03,-31.91,35.7905,-54.9575,-0.1136,172.1788,0.356
1233,000056,皇庭国际,-4.82,-39.34,16.3483,-8.9024,-0.0403,22.6285,0.1024
1234,600802,福建水泥,-5.02,-7.52,29.7414,-31.1247,-0.1033,413.7796,1.3733
1235,600155,华创阳安,-5.05,-6.45,11.4085,-45.6403,-0.1106,706.9789,1.7138
1236,000537,广宇发展,-5.07,-134.12,18.013,-24.108,-0.047,17.9748,0.035
1237,600781,ST辅仁,-5.19,-3.31,41.9464,-3.3341,-0.0187,100.4408,0.5655
1238,600757,长江传媒,-5.22,-2.77,8.3765,-43.5541,-0.0922,1571.896,3.3292
1239,600193,创兴资源,-5.28,-47.86,27.9872,-13.055,-0.0778,27.2722,0.1625
1240,000887,中鼎股份,-5.71,-20.24,-2.1839,-17.7539,-0.0589,87.6911,0.2913
1241,000415,渤海租赁,-5.71,-27.34,9.8615,-20.3047,-0.0676,74.2447,0.2472
1242,600397,安源煤业,-6.21,-11.38,1.7586,-45.0948,-0.2049,396.2424,1.8011
1243,600556,天下秀,-6.36,-63.16,58.348,-58.6404,-0.193,92.8359,0.3056
1244,600372,中航电子,-6.4,-3.88,10.7104,-76.6555,-0.1869,1971.4384,4.8083
1245,600393,ST粤泰,-6.48,-60.34,23.2132,-31.0918,-0.1036,51.5265,0.1717
1246,600714,金瑞矿业,-6.67,-49.22,8.6125,-13.5905,-0.09,27.6077,0.1829
1247,000655,金岭矿业,-6.83,-27.21,33.6256,-13.441,-0.0518,49.3856,0.1904
1248,600984,建设机械,-6.91,-14.59,9.0769,-26.1265,-0.1845,178.9618,1.2642
1249,000750,国海证券,-7.05,-22.85,21.7232,-24.1889,-0.1124,105.8418,0.4921
1250,600658,电子城,-7.28,-7.69,8.9748,-16.2667,-0.0973,211.3237,1.2652
1251,600689,上海三毛,-7.37,-3.42,5.4493,-22.7392,-0.1131,664.8203,3.3077
1252,000665,湖北广电,-7.43,-2.65,25.3338,-3.8751,-0.0274,146.187,1.037
1253,600336,澳柯玛,-7.61,-15.29,16.4908,-76.5292,-0.2244,500.4577,1.4674
1254,000038,深大通,-7.81,-11123.18,0.0,-5.3043,-0.0586,0.0477,0.0005
1255,000906,浙商中拓,-7.81,-3.7,7.4004,-29.8336,-0.1256,806.279,3.3948
1256,600885,宏发股份,-7.84,-8.8,8.6584,-15.2849,-0.1177,173.5038,1.3366
1257,600207,安彩高科,-8.19,-23.34,11.0325,-165.175,-0.3753,707.5358,1.608
1258,600705,中航产融,-8.27,-30.24,10.6627,-92.967,-0.0948,307.4115,0.3137
1259,002039,黔源电力,-8.91,-34.75,10.8582,-44.5563,-0.3176,128.2195,0.9141
1260,600610,中毅达,-9.05,-18.76,8.2071,-19.9769,-0.0559,106.4556,0.2981
1261,600029,南方航空,-9.15,-3.97,13.1707,-835.0,-0.1908,21024.0,4.8063
1262,000661,长春高新,-9.21,-13.77,75.896,-24.7622,-0.1885,179.7943,1.369
1263,600516,方大炭素,-9.3,-18.6,4.6885,-47.0419,-0.2352,252.88,1.2643
1264,600217,中再资环,-9.96,-24.53,7.9422,-62.6795,-0.0948,255.4784,0.3866
1265,600699,均胜电子,-11.04,-44.66,-2.3743,-37.8725,-0.2039,84.7938,0.4565
1266,600139,ST西源,-11.18,-156.48,14.7201,-5.654,-0.0743,3.6132,0.0475
1267,600223,鲁商发展,-12.4,-23.76,-17.8188,-163.591,-0.305,688.4665,1.2838
1268,000931,中关村,-12.62,-24.55,50.451,-55.9554,-0.0829,227.8573,0.3376
1269,600173,卧龙地产,-12.88,-65.19,-15.0799,-47.8738,-0.2081,73.4296,0.3192
1270,600213,亚星客车,-12.92,-13.62,9.1296,-34.4682,-0.1814,253.0508,1.3318
1271,600076,康欣新材,-12.94,-28.25,30.6594,-33.2342,-0.1312,117.6213,0.4645
1272,000922,佳电股份,-13.22,-40.51,14.0083,-31.0438,-0.104,76.6323,0.2567
1273,600552,凯盛科技,-13.7,-12.54,4.5247,-28.3201,-0.242,225.6998,1.929
1274,600988,赤峰黄金,-13.94,-108.73,2.4448,-16.2514,-0.1794,14.9453,0.1649
1275,600792,云煤能源,-14.08,-14.04,7.4034,-25.2261,-0.1998,179.6531,1.4232
1276,600716,凤凰股份,-14.64,-19.64,-11.0343,-98.1366,-0.176,499.5178,0.8963
1277,600094,大名城,-15.11,-12.86,9.2253,-177.4564,-0.3608,1379.4872,2.8052
1278,000799,酒鬼酒,-15.79,-108.9,45.3488,-106.0962,-0.35,97.4224,0.3214
1279,600734,*ST实达,-16.47,-14.92,16.3007,-32.7565,-0.0931,219.5361,0.6244
1280,000982,中银绒业,-16.53,-30.15,-1.9419,-32.161,-0.2173,106.644,0.7205
1281,600793,宜宾纸业,-16.75,-10.77,4.0872,-28.6026,-0.2716,265.489,2.5212
1282,000100,TCL科技,-17.64,-3.12,14.6211,-737.5584,-0.2851,23576.359,9.1157
1283,000670,*ST盈方,-17.85,-13.56,3.83,-50.6461,-0.186,373.2443,1.3711
1284,600862,中航高科,-17.91,-11.56,22.541,-19.791,-0.083,171.0741,0.7174
1285,000605,渤海股份,-18.18,-162.51,34.1792,-17.8323,-0.1912,10.9724,0.1176
1286,600876,洛阳玻璃,-18.24,-32.73,-16.6824,-145.192,-0.2074,443.54,0.6336
1287,600462,ST九有,-18.27,-33.56,-14.3598,-91.0015,-0.5343,271.0948,1.5918
1288,600272,开开实业,-19.25,-6.18,9.5323,-21.6882,-0.0892,350.4008,1.4419
1289,000728,国元证券,-20.57,-34.08,-23.7044,-148.0661,-0.4289,434.3719,1.2582
1290,600381,青海春天,-20.88,-60.59,54.5805,-38.4855,-0.1345,63.5077,0.222
1291,000007,*ST全新,-20.96,-21.4,80.7836,-15.3467,-0.1068,71.7067,0.4993
1292,000719,中原传媒,-21.45,-579.58,-14.99,-29.575,-0.2285,5.1027,0.0394
1293,000413,东旭光电,-23.3,-161.41,39.6892,-50.3088,-0.1313,31.1678,0.0813
1294,600847,万里股份,-25.5,-10.44,9.6547,-5.467,-0.0616,52.3422,0.5903
1295,000673,*ST当代,-26.38,-68.89,-9.4419,-34.8006,-0.2006,50.5097,0.2912
1296,600386,北巴传媒,-27.96,-17.71,-5.2009,-233.8059,-0.5798,1320.1755,3.2742
1297,600248,陕西建工,-30.68,-66.33,34.474,-25.7569,-0.1999,38.8281,0.3014
1298,600609,金杯汽车,-33.45,-15.44,9.9248,-132.7137,-0.1214,859.432,0.7865
1299,600115,中国东航,-33.57,-8.92,5.8651,-1461.7679,-0.3003,16373.3414,3.3641
1300,600722,金牛化工,-33.81,-76.05,-32.3211,-146.8676,-0.3485,193.111,0.4582
1301,600369,西南证券,-35.9,-145.0,17.3659,-44.5761,-0.2587,30.7415,0.1784
1302,600608,ST沪科,-39.14,-23.77,6.588,-115.4396,-0.4571,485.5952,1.9229
1303,000505,京粮控股,-40.82,-127.32,-0.3053,-20.7768,-0.055,16.3185,0.0432
1304,000010,美丽生态,-41.36,-33.58,45.4149,-16.6854,-0.1134,49.6816,0.3379
1305,600084,*ST中葡,-48.69,-74.45,20.6227,-111.1259,-0.2362,149.2531,0.3173
1306,000885,城发环境,-49.14,-29.91,7.1974,-12.434,-0.0777,41.5686,0.2598
1307,000430,张家界,-56.41,-98.25,59.6218,-63.83,-0.3476,64.9669,0.3538
1308,600735,新华锦,-62.52,-39.9,11.9538,-18.5469,-0.1198,46.4782,0.3002
1309,000892,欢瑞世纪,-63.0,-375.93,11.8448,-97.7313,-0.2361,25.9968,0.0628
1310,000545,金浦钛业,-71.02,-39.81,58.1696,-16.064,-0.1184,40.3473,0.2974
1311,000725,京东方A,-78.62,-29.46,-17.5987,-1264.3459,-0.5758,4291.0089,1.9542
1312,600743,华远地产,-92.59,-2.51,9.2937,-1.9453,-0.0062,77.3693,0.2473
1313,600617,国新能源,-97.17,-22.74,6.1053,-8.1584,-0.0487,35.8761,0.2145
1314,000918,嘉凯城,-116.8,-3.02,40.2354,-18.3609,-0.0675,607.1878,2.2322
1315,600259,广晟有色,-119.86,-11.46,1.5468,-33.2231,-0.1556,289.7423,1.3577
1316,000587,*ST金洲,-198.31,-15.8,11.4467,-13.7578,-0.074,87.0232,0.4685
1317,000650,仁和药业,-238.94,-154.59,-41.8765,-38.5604,-0.1927,24.9434,0.1246
1318,000506,中润资源,-1013.58,-2447.31,-131.7557,-196.4609,-0.7886,8.0276,0.0322
1319,000633,合金投资,,-14.0,-14.9787,-4.8107,-0.0124,34.3384,0.0891
1320,600603,广汇物流,,71.0,6.2793,2.6396,0.0135,3.7173,0.019
1321,600234,山水文化,,-24.99,14.1225,-7.1918,-0.0766,28.7739,0.3065
1322,000338,潍柴动力,,5.05,22.0918,437.7522,1.3265,8663.871,26.2541
1323,000403,派林生物,,-11.86,17.0868,-40.0134,-0.189,337.342,1.5936
1324,600691,阳煤化工,,-70.89,28.3261,-16.0033,-0.207,22.5724,0.2921
1325,000555,神州信息,,-59559.68,9.341,-56.1993,-0.6201,0.0944,0.001
1326,000560,我爱我家,,2.42,19.2526,9.6673,0.0719,398.6635,2.9662
1327,000613,*ST东海A,,-82.76,98.5206,-5.6027,-0.0153,6.7693,0.0185
1328,600385,*ST金泰,,-3004.53,11.45,-8.8989,-0.0629,0.2962,0.002
1329,000633,合金投资,,-14.0,-14.9787,-4.8107,-0.0124,34.3384,0.0891
1330,000638,*ST万方,,-7.04,11.0989,-5.2989,-0.0342,75.2054,0.4861
1331,002123,梦网科技,,16.97,47.5808,17.0602,0.3554,100.5142,2.094
1332,002127,南极电商,,3.27,11.9307,16.9976,0.2104,518.2285,6.4147
1333,002131,利欧股份,,6.25,20.9788,17.6281,0.3132,281.9501,5.0097
1334,002135,东南网架,,5.41,17.4936,40.8027,0.272,753.7654,5.0251
1335,002139,拓邦股份,,1.8,13.9436,3.6534,0.1144,202.8921,6.3562
1336,002144,宏达高科,,8.25,19.0298,11.982,0.1491,145.1199,1.8063
1337,002148,北纬科技,,28.02,59.3723,17.7434,0.4694,63.3119,1.6749
1338,002152,广电运通,,24.88,53.1736,32.678,0.3066,131.3005,1.2321
1339,002156,通富微电,,,,,,,
1340,002161,远望谷,,,,,,,
1341,002167,东方锆业,,13.38,24.4803,8.3876,0.2236,62.6431,1.6704
1342,000736,中交地产,,,,-12.5491,-0.1901,0.0,0.0
1343,002338,奥普光电,,,,,,,
1344,000783,长江证券,,-12.03,-6.9028,-912.7619,-0.7906,7587.3779,6.5723
1345,601007,金陵饭店,,11.08,55.6488,18.1292,0.0954,163.6059,0.861
1346,600136,当代文体,,-104.4,4.9749,-19.8911,-0.1904,19.0519,0.1824
1347,000863,三湘印象,,-69.18,2.2715,-48.7328,-0.3593,70.4375,0.5193
1348,000921,海信家电,,-0.99,16.7229,-35.7417,-0.036,3586.8461,3.6157
1349,600242,ST中昌,,-434.93,-22.4141,-12.0163,-0.069,2.7628,0.0158
1350,600681,百川能源,,-181.9,14.3633,-32.5083,-0.1562,17.8714,0.0858
1351,000517,荣安地产,,-44.82,-21.8073,-15.1129,-0.0647,33.7147,0.1445
1352,600721,*ST百花,,-20.29,47.268,-5.2224,-0.055,25.736,0.2714
1353,000536,华映科技,,4.78,7.6288,2.3654,0.0194,49.4842,0.4058
1354,600745,闻泰科技,,-860.14,-35.4134,-7.2277,-0.0593,0.8403,0.0069
1355,600759,洲际油气,,-3.28,4.0132,-2.088,-0.01,63.5798,0.3048
1356,002122,ST天马,,19.44,33.7063,83.877,0.8223,431.2974,4.2284
1357,002126,银轮股份,,4.35,23.8617,13.3715,0.191,306.7794,4.3825
1358,000688,国城矿业,,-278.45,28.3682,-29.428,-0.0845,10.5684,0.0303
1359,002130,沃尔核材,,14.9,35.1501,15.1171,0.3746,101.4504,2.5142
1360,002134,天津普林,,15.35,26.5896,25.1635,0.1715,163.8751,1.1172
1361,002138,顺络电子,,34.43,58.7714,18.1334,0.259,52.6598,0.7522
1362,600053,九鼎投资,,-373.03,4.6321,-16.1698,-0.1003,4.3347,0.0269
1363,002142,宁波银行,,37.56,45.6433,271.6328,0.1325,723.1543,0.3527
1364,002147,*ST新光,,,,,,,
1365,002151,北斗星通,,,,,,,
1366,002155,湖南黄金,,,,,,,
1367,002160,常铝股份,,,,,,,
1368,002164,宁波东力,,,,,,,
1369,601101,昊华能源,,,,,,,
1370,000880,潍柴重机,,-22012.59,-63.5231,-27.6568,-0.1001,0.1256,0.0004
1371,600187,国中水务,,,,173.1119,0.529,,
1372,000030,富奥股份,,,,-8.0806,-0.028,,
1373,000035,中国天楹,,-3246.66,-67.728,-19.1729,-0.1654,0.5905,0.005
1374,600629,华建集团,,-43.18,16.2122,-7.1689,-0.0473,16.6,0.1096
1375,000925,众合科技,,16.46,48.6116,10.6288,0.118,64.5506,0.7172
1376,000156,华数传媒,,-12.47,7.3723,-18.6604,-0.1933,149.5645,1.5498
1377,600703,三安光电,,-7766.87,-3.9818,-22.4786,-0.188,0.2894,0.0024
1378,600728,佳都科技,,-5.45,36.7941,-4.5982,-0.022,84.2946,0.4049
1379,600338,西藏珠峰,,,,-16.8084,-0.1061,,
1380,000536,华映科技,,4.78,7.6288,2.3654,0.0194,49.4842,0.4058
1381,600745,闻泰科技,,-860.14,-35.4134,-7.2277,-0.0593,0.8403,0.0069
1382,600759,洲际油气,,-3.28,4.0132,-2.088,-0.01,63.5798,0.3048
1383,002122,ST天马,,19.44,33.7063,83.877,0.8223,431.2974,4.2284
1384,002126,银轮股份,,4.35,23.8617,13.3715,0.191,306.7794,4.3825
1385,000688,国城矿业,,-278.45,28.3682,-29.428,-0.0845,10.5684,0.0303
1386,002130,沃尔核材,,14.9,35.1501,15.1171,0.3746,101.4504,2.5142
1387,002134,天津普林,,15.35,26.5896,25.1635,0.1715,163.8751,1.1172
1388,002138,顺络电子,,34.43,58.7714,18.1334,0.259,52.6598,0.7522
1389,600053,九鼎投资,,-373.03,4.6321,-16.1698,-0.1003,4.3347,0.0269
1390,002142,宁波银行,,37.56,45.6433,271.6328,0.1325,723.1543,0.3527
1391,002147,*ST新光,,,,,,,
1392,002151,北斗星通,,,,,,,
1393,002155,湖南黄金,,,,,,,
1394,002160,常铝股份,,,,,,,
1395,002164,宁波东力,,,,,,,
1396,601101,昊华能源,,,,,,,
1397,000863,三湘印象,,-69.18,2.2715,-48.7328,-0.3593,70.4375,0.5193
1398,600629,华建集团,,-43.18,16.2122,-7.1689,-0.0473,16.6,0.1096
1399,000925,众合科技,,16.46,48.6116,10.6288,0.118,64.5506,0.7172
1400,000156,华数传媒,,-12.47,7.3723,-18.6604,-0.1933,149.5645,1.5498
1401,600703,三安光电,,-7766.87,-3.9818,-22.4786,-0.188,0.2894,0.0024
1402,600728,佳都科技,,-5.45,36.7941,-4.5982,-0.022,84.2946,0.4049
1403,600338,西藏珠峰,,,,-16.8084,-0.1061,,
1404,000592,平潭发展,,-1175.81,22.5326,-8.3285,-0.0282,0.7083,0.0024
1405,002081,金螳螂,,3.62,18.2656,29.2417,0.4177,806.7139,11.5244
1406,000622,恒立实业,,-126.36,-0.6148,-47.724,-0.3366,37.7678,0.2664
1407,000631,顺发恒业,,-288252.18,19.6167,-117.0246,-0.4868,0.0406,0.0001
1408,002109,兴化股份,,13.74,26.6329,42.8927,0.3574,311.9537,2.5996
1409,002121,科陆电子,,4.5,39.7549,2.8661,0.0636,63.6019,1.4133
1410,600025,华能水电,,16.95,32.2385,47.8372,0.0114,282.1717,0.0677
1411,002125,湘潭电化,,3.78,24.7465,6.589,0.1307,174.1343,3.455
1412,002129,中环股份,,14.12,36.2112,36.049,0.1372,255.2394,0.9717
1413,002133,广宇集团,,20.62,54.5756,56.2248,0.3017,272.5565,1.4629
1414,002137,实益达,,9.29,15.9644,15.2202,0.1522,163.8073,1.638
1415,002141,贤丰控股,,4.26,11.9976,10.0049,0.1642,234.6088,3.8523
1416,002146,荣盛发展,,,,,,,
1417,002150,通润装备,,,,,,,
1418,002154,报喜鸟,,,,,,,
1419,002158,汉钟精机,,16.91,30.8289,22.1307,0.1967,130.8486,1.163
1420,600892,大晟文化,,-12.5,5.9501,-4.6172,-0.0914,36.9278,0.7312
1421,002163,海南发展,,,,,,,
1422,600515,*ST基础,,-3.28,29.3323,-4.4653,-0.0183,136.0547,0.5585
1423,000757,浩物股份,,-46.3,13.3107,-109.004,-0.4469,235.4161,0.9653
1424,000780,ST平能,,-79.81,-0.2646,-204.6358,-0.3331,256.3744,0.4173
1425,601088,中国神华,,27.32,53.8584,8069.0,0.446,29533.0,1.6325
1426,601318,中国平安,,7.22,8.1041,3945.0,0.6367,54627.0,8.8178
1427,601998,中信银行,,21.58,37.9731,1717.0,0.0551,7953.0,0.2556
1428,000880,潍柴重机,,-22012.59,-63.5231,-27.6568,-0.1001,0.1256,0.0004
1429,600187,国中水务,,,,173.1119,0.529,,
1430,000030,富奥股份,,,,-8.0806,-0.028,,
1431,000035,中国天楹,,-3246.66,-67.728,-19.1729,-0.1654,0.5905,0.005
